序号,本地时间,启动后时间,cmd_id,seq,类型,说明,来源录波,hero,engineer,infantry_3,infantry_4,reserved,aerial,sentry,coins_remaining,coins_total,occupancy_status_bits,sentry_posture,hero_x_cm,hero_y_cm,engineer_x_cm,engineer_y_cm,infantry_3_x_cm,infantry_3_y_cm,infantry_4_x_cm,infantry_4_y_cm,aerial_x_cm,aerial_y_cm,sentry_x_cm,sentry_y_cm,hero_heal_pct,hero_cooling,hero_defense_pct,hero_negative_defense_pct,hero_attack_pct,engineer_heal_pct,engineer_cooling,engineer_defense_pct,engineer_negative_defense_pct,engineer_attack_pct,infantry_3_heal_pct,infantry_3_cooling,infantry_3_defense_pct,infantry_3_negative_defense_pct,infantry_3_attack_pct,infantry_4_heal_pct,infantry_4_cooling,infantry_4_defense_pct,infantry_4_negative_defense_pct,infantry_4_attack_pct,sentry_heal_pct,sentry_cooling,sentry_defense_pct,sentry_negative_defense_pct,sentry_attack_pct
1,2026-05-30T18:22:47.000,01:30.00,0x0A02,72,血量,各机器人剩余血量,info_20260530_182247_loop000023.c64,200,250,200,200,0,,400,,,,,,,,,,,,,,,,,,,,,,,,,,,,,,,,,,,,,,,,,
2,2026-05-30T18:22:47.000,01:30.00,0x0A03,73,发弹量,各机器人/单位剩余发弹量,info_20260530_182247_loop000023.c64,0,,0,0,,750,300,,,,,,,,,,,,,,,,,,,,,,,,,,,,,,,,,,,,,,,,,
3,2026-05-30T18:22:47.000,01:30.00,0x0A04,74,经济/占领,经济与占领状态,info_20260530_182247_loop000023.c64,,,,,,,,0,0,256,,,,,,,,,,,,,,,,,,,,,,,,,,,,,,,,,,,,,,
4,2026-05-30T18:22:47.000,01:30.00,0x0A05,75,Buff/哨兵姿态,增益、冷却、哨兵姿态等状态,info_20260530_182247_loop000023.c64,,,,,,,,,,,3,,,,,,,,,,,,,0,88,0,0,0,0,0,0,0,0,0,95,0,0,0,0,95,0,0,0,0,70,0,0,0
5,2026-05-30T18:22:47.000,01:30.00,0x0A01,78,位置,各机器人场地坐标，单位 cm,info_20260530_182247_loop000023.c64,,,,,,,,,,,,191,863,111,654,228,584,312,672,169,1339,400,827,,,,,,,,,,,,,,,,,,,,,,,,,
6,2026-05-30T18:22:47.000,01:30.00,0x0A02,79,血量,各机器人剩余血量,info_20260530_182247_loop000023.c64,200,250,200,200,0,,400,,,,,,,,,,,,,,,,,,,,,,,,,,,,,,,,,,,,,,,,,
7,2026-05-30T18:22:47.000,01:30.00,0x0A03,80,发弹量,各机器人/单位剩余发弹量,info_20260530_182247_loop000023.c64,0,,0,0,,750,300,,,,,,,,,,,,,,,,,,,,,,,,,,,,,,,,,,,,,,,,,
8,2026-05-30T18:22:47.000,01:30.00,0x0A04,81,经济/占领,经济与占领状态,info_20260530_182247_loop000023.c64,,,,,,,,0,0,256,,,,,,,,,,,,,,,,,,,,,,,,,,,,,,,,,,,,,,
9,2026-05-30T18:22:47.000,01:30.00,0x0A05,82,Buff/哨兵姿态,增益、冷却、哨兵姿态等状态,info_20260530_182247_loop000023.c64,,,,,,,,,,,3,,,,,,,,,,,,,0,88,0,0,0,0,0,0,0,0,0,95,0,0,0,0,95,0,0,0,0,70,0,0,0
10,2026-05-30T18:22:47.000,01:30.00,0x0A01,85,位置,各机器人场地坐标，单位 cm,info_20260530_182247_loop000023.c64,,,,,,,,,,,,191,863,110,652,227,584,310,671,171,1332,401,831,,,,,,,,,,,,,,,,,,,,,,,,,
11,2026-05-30T18:22:47.000,01:30.00,0x0A02,86,血量,各机器人剩余血量,info_20260530_182247_loop000023.c64,200,250,200,200,0,,400,,,,,,,,,,,,,,,,,,,,,,,,,,,,,,,,,,,,,,,,,
12,2026-05-30T18:22:47.000,01:30.00,0x0A03,87,发弹量,各机器人/单位剩余发弹量,info_20260530_182247_loop000023.c64,0,,0,0,,750,300,,,,,,,,,,,,,,,,,,,,,,,,,,,,,,,,,,,,,,,,,
13,2026-05-30T18:22:47.000,01:30.00,0x0A04,88,经济/占领,经济与占领状态,info_20260530_182247_loop000023.c64,,,,,,,,0,0,256,,,,,,,,,,,,,,,,,,,,,,,,,,,,,,,,,,,,,,
14,2026-05-30T18:22:47.000,01:30.00,0x0A01,92,位置,各机器人场地坐标，单位 cm,info_20260530_182247_loop000023.c64,,,,,,,,,,,,190,861,109,653,227,583,313,674,171,1329,396,833,,,,,,,,,,,,,,,,,,,,,,,,,
15,2026-05-30T18:22:47.000,01:30.00,0x0A02,93,血量,各机器人剩余血量,info_20260530_182247_loop000023.c64,200,250,200,200,0,,400,,,,,,,,,,,,,,,,,,,,,,,,,,,,,,,,,,,,,,,,,
16,2026-05-30T18:22:47.000,01:30.00,0x0A03,94,发弹量,各机器人/单位剩余发弹量,info_20260530_182247_loop000023.c64,0,,0,0,,750,300,,,,,,,,,,,,,,,,,,,,,,,,,,,,,,,,,,,,,,,,,
17,2026-05-30T18:22:47.000,01:30.00,0x0A04,95,经济/占领,经济与占领状态,info_20260530_182247_loop000023.c64,,,,,,,,0,0,256,,,,,,,,,,,,,,,,,,,,,,,,,,,,,,,,,,,,,,
18,2026-05-30T18:22:47.000,01:30.00,0x0A01,99,位置,各机器人场地坐标，单位 cm,info_20260530_182247_loop000023.c64,,,,,,,,,,,,189,859,109,653,227,583,311,673,169,1337,396,836,,,,,,,,,,,,,,,,,,,,,,,,,
19,2026-05-30T18:22:47.000,01:30.00,0x0A02,100,血量,各机器人剩余血量,info_20260530_182247_loop000023.c64,200,250,200,200,0,,400,,,,,,,,,,,,,,,,,,,,,,,,,,,,,,,,,,,,,,,,,
20,2026-05-30T18:22:47.000,01:30.00,0x0A03,101,发弹量,各机器人/单位剩余发弹量,info_20260530_182247_loop000023.c64,0,,0,0,,750,300,,,,,,,,,,,,,,,,,,,,,,,,,,,,,,,,,,,,,,,,,
21,2026-05-30T18:22:47.000,01:30.00,0x0A04,102,经济/占领,经济与占领状态,info_20260530_182247_loop000023.c64,,,,,,,,0,0,256,,,,,,,,,,,,,,,,,,,,,,,,,,,,,,,,,,,,,,
22,2026-05-30T18:22:47.000,01:30.00,0x0A01,106,位置,各机器人场地坐标，单位 cm,info_20260530_182247_loop000023.c64,,,,,,,,,,,,189,861,110,655,228,583,312,671,164,1335,394,838,,,,,,,,,,,,,,,,,,,,,,,,,
23,2026-05-30T18:22:47.000,01:30.00,0x0A02,107,血量,各机器人剩余血量,info_20260530_182247_loop000023.c64,200,250,200,200,0,,400,,,,,,,,,,,,,,,,,,,,,,,,,,,,,,,,,,,,,,,,,
24,2026-05-30T18:22:47.000,01:30.00,0x0A01,113,位置,各机器人场地坐标，单位 cm,info_20260530_182247_loop000023.c64,,,,,,,,,,,,190,861,109,652,228,583,312,673,166,1332,391,835,,,,,,,,,,,,,,,,,,,,,,,,,
25,2026-05-30T18:22:47.000,01:30.00,0x0A02,114,血量,各机器人剩余血量,info_20260530_182247_loop000023.c64,200,250,200,200,0,,400,,,,,,,,,,,,,,,,,,,,,,,,,,,,,,,,,,,,,,,,,
26,2026-05-30T18:22:47.000,01:30.00,0x0A03,115,发弹量,各机器人/单位剩余发弹量,info_20260530_182247_loop000023.c64,0,,0,0,,750,300,,,,,,,,,,,,,,,,,,,,,,,,,,,,,,,,,,,,,,,,,
27,2026-05-30T18:22:47.000,01:30.00,0x0A04,116,经济/占领,经济与占领状态,info_20260530_182247_loop000023.c64,,,,,,,,0,0,256,,,,,,,,,,,,,,,,,,,,,,,,,,,,,,,,,,,,,,
28,2026-05-30T18:24:02.000,02:45.00,0x0A02,129,血量,各机器人剩余血量,info_20260530_182402_loop000008.c64,80,250,200,200,0,,400,,,,,,,,,,,,,,,,,,,,,,,,,,,,,,,,,,,,,,,,,
29,2026-05-30T18:24:02.000,02:45.00,0x0A05,132,Buff/哨兵姿态,增益、冷却、哨兵姿态等状态,info_20260530_182402_loop000008.c64,,,,,,,,,,,3,,,,,,,,,,,,,0,0,0,0,0,0,0,100,0,0,0,0,0,0,0,0,0,0,0,0,0,0,50,25,0
30,2026-05-30T18:24:02.000,02:45.00,0x0A01,135,位置,各机器人场地坐标，单位 cm,info_20260530_182402_loop000008.c64,,,,,,,,,,,,888,426,217,109,929,950,931,550,737,1293,367,873,,,,,,,,,,,,,,,,,,,,,,,,,
31,2026-05-30T18:24:02.000,02:45.00,0x0A02,136,血量,各机器人剩余血量,info_20260530_182402_loop000008.c64,80,250,200,200,0,,400,,,,,,,,,,,,,,,,,,,,,,,,,,,,,,,,,,,,,,,,,
32,2026-05-30T18:24:02.000,02:45.00,0x0A03,137,发弹量,各机器人/单位剩余发弹量,info_20260530_182402_loop000008.c64,11,,100,66,,702,300,,,,,,,,,,,,,,,,,,,,,,,,,,,,,,,,,,,,,,,,,
33,2026-05-30T18:24:02.000,02:45.00,0x0A04,138,经济/占领,经济与占领状态,info_20260530_182402_loop000008.c64,,,,,,,,10,400,257,,,,,,,,,,,,,,,,,,,,,,,,,,,,,,,,,,,,,,
34,2026-05-30T18:24:02.000,02:45.00,0x0A01,142,位置,各机器人场地坐标，单位 cm,info_20260530_182402_loop000008.c64,,,,,,,,,,,,886,430,217,111,937,954,929,551,737,1290,362,872,,,,,,,,,,,,,,,,,,,,,,,,,
35,2026-05-30T18:24:02.000,02:45.00,0x0A02,143,血量,各机器人剩余血量,info_20260530_182402_loop000008.c64,80,250,200,200,0,,400,,,,,,,,,,,,,,,,,,,,,,,,,,,,,,,,,,,,,,,,,
36,2026-05-30T18:24:02.000,02:45.00,0x0A03,144,发弹量,各机器人/单位剩余发弹量,info_20260530_182402_loop000008.c64,11,,100,65,,702,300,,,,,,,,,,,,,,,,,,,,,,,,,,,,,,,,,,,,,,,,,
37,2026-05-30T18:24:02.000,02:45.00,0x0A01,149,位置,各机器人场地坐标，单位 cm,info_20260530_182402_loop000008.c64,,,,,,,,,,,,884,433,219,112,942,958,930,552,737,1290,363,874,,,,,,,,,,,,,,,,,,,,,,,,,
38,2026-05-30T18:24:02.000,02:45.00,0x0A02,150,血量,各机器人剩余血量,info_20260530_182402_loop000008.c64,80,250,200,200,0,,400,,,,,,,,,,,,,,,,,,,,,,,,,,,,,,,,,,,,,,,,,
39,2026-05-30T18:24:02.000,02:45.00,0x0A03,151,发弹量,各机器人/单位剩余发弹量,info_20260530_182402_loop000008.c64,11,,100,65,,702,300,,,,,,,,,,,,,,,,,,,,,,,,,,,,,,,,,,,,,,,,,
40,2026-05-30T18:24:02.000,02:45.00,0x0A01,156,位置,各机器人场地坐标，单位 cm,info_20260530_182402_loop000008.c64,,,,,,,,,,,,879,436,222,110,945,964,929,550,737,1290,357,878,,,,,,,,,,,,,,,,,,,,,,,,,
41,2026-05-30T18:24:02.000,02:45.00,0x0A02,157,血量,各机器人剩余血量,info_20260530_182402_loop000008.c64,80,250,200,200,0,,400,,,,,,,,,,,,,,,,,,,,,,,,,,,,,,,,,,,,,,,,,
42,2026-05-30T18:24:02.000,02:45.00,0x0A03,158,发弹量,各机器人/单位剩余发弹量,info_20260530_182402_loop000008.c64,11,,100,65,,702,300,,,,,,,,,,,,,,,,,,,,,,,,,,,,,,,,,,,,,,,,,
43,2026-05-30T18:24:02.000,02:45.00,0x0A04,159,经济/占领,经济与占领状态,info_20260530_182402_loop000008.c64,,,,,,,,10,400,257,,,,,,,,,,,,,,,,,,,,,,,,,,,,,,,,,,,,,,
44,2026-05-30T18:24:02.000,02:45.00,0x0A01,163,位置,各机器人场地坐标，单位 cm,info_20260530_182402_loop000008.c64,,,,,,,,,,,,877,442,220,112,945,973,930,550,737,1290,354,875,,,,,,,,,,,,,,,,,,,,,,,,,
45,2026-05-30T18:24:02.000,02:45.00,0x0A02,164,血量,各机器人剩余血量,info_20260530_182402_loop000008.c64,80,250,200,200,0,,400,,,,,,,,,,,,,,,,,,,,,,,,,,,,,,,,,,,,,,,,,
46,2026-05-30T18:24:02.000,02:45.00,0x0A03,165,发弹量,各机器人/单位剩余发弹量,info_20260530_182402_loop000008.c64,11,,100,65,,702,300,,,,,,,,,,,,,,,,,,,,,,,,,,,,,,,,,,,,,,,,,
47,2026-05-30T18:24:02.000,02:45.00,0x0A05,167,Buff/哨兵姿态,增益、冷却、哨兵姿态等状态,info_20260530_182402_loop000008.c64,,,,,,,,,,,3,,,,,,,,,,,,,0,0,0,0,0,0,0,100,0,0,0,0,0,0,0,0,0,0,0,0,0,0,50,25,0
48,2026-05-30T18:24:02.000,02:45.00,0x0A01,170,位置,各机器人场地坐标，单位 cm,info_20260530_182402_loop000008.c64,,,,,,,,,,,,871,445,221,112,945,972,929,549,737,1290,354,871,,,,,,,,,,,,,,,,,,,,,,,,,
49,2026-05-30T18:24:02.000,02:45.00,0x0A02,171,血量,各机器人剩余血量,info_20260530_182402_loop000008.c64,80,250,200,200,0,,400,,,,,,,,,,,,,,,,,,,,,,,,,,,,,,,,,,,,,,,,,
50,2026-05-30T18:24:02.000,02:45.00,0x0A03,172,发弹量,各机器人/单位剩余发弹量,info_20260530_182402_loop000008.c64,11,,100,64,,702,300,,,,,,,,,,,,,,,,,,,,,,,,,,,,,,,,,,,,,,,,,
51,2026-05-30T18:24:02.000,02:45.00,0x0A04,173,经济/占领,经济与占领状态,info_20260530_182402_loop000008.c64,,,,,,,,10,400,257,,,,,,,,,,,,,,,,,,,,,,,,,,,,,,,,,,,,,,
52,2026-05-30T18:24:02.000,02:45.00,0x0A05,174,Buff/哨兵姿态,增益、冷却、哨兵姿态等状态,info_20260530_182402_loop000008.c64,,,,,,,,,,,3,,,,,,,,,,,,,0,0,0,0,0,0,0,100,0,0,0,0,0,0,0,0,0,0,0,0,0,0,50,25,0
53,2026-05-30T18:24:51.000,03:34.00,0x0A01,195,位置,各机器人场地坐标，单位 cm,info_20260530_182451_loop000000.c64,,,,,,,,,,,,1102,1215,477,168,906,521,1005,351,737,1290,361,858,,,,,,,,,,,,,,,,,,,,,,,,,
54,2026-05-30T18:24:51.000,03:34.00,0x0A02,196,血量,各机器人剩余血量,info_20260530_182451_loop000000.c64,200,236,180,225,0,,400,,,,,,,,,,,,,,,,,,,,,,,,,,,,,,,,,,,,,,,,,
55,2026-05-30T18:24:51.000,03:34.00,0x0A05,199,Buff/哨兵姿态,增益、冷却、哨兵姿态等状态,info_20260530_182451_loop000000.c64,,,,,,,,,,,3,,,,,,,,,,,,,0,0,0,0,0,0,0,50,20,0,0,0,0,0,0,0,0,0,0,0,0,0,0,25,0
56,2026-05-30T18:24:51.000,03:34.00,0x0A01,202,位置,各机器人场地坐标，单位 cm,info_20260530_182451_loop000000.c64,,,,,,,,,,,,1104,1217,483,171,907,519,1005,350,737,1290,362,861,,,,,,,,,,,,,,,,,,,,,,,,,
57,2026-05-30T18:24:51.000,03:34.00,0x0A02,203,血量,各机器人剩余血量,info_20260530_182451_loop000000.c64,200,236,180,225,0,,400,,,,,,,,,,,,,,,,,,,,,,,,,,,,,,,,,,,,,,,,,
58,2026-05-30T18:24:51.000,03:34.00,0x0A03,204,发弹量,各机器人/单位剩余发弹量,info_20260530_182451_loop000000.c64,8,,66,42,,702,299,,,,,,,,,,,,,,,,,,,,,,,,,,,,,,,,,,,,,,,,,
59,2026-05-30T18:24:51.000,03:34.00,0x0A04,205,经济/占领,经济与占领状态,info_20260530_182451_loop000000.c64,,,,,,,,58,450,0,,,,,,,,,,,,,,,,,,,,,,,,,,,,,,,,,,,,,,
60,2026-05-30T18:24:51.000,03:34.00,0x0A05,206,Buff/哨兵姿态,增益、冷却、哨兵姿态等状态,info_20260530_182451_loop000000.c64,,,,,,,,,,,3,,,,,,,,,,,,,0,0,0,0,0,0,0,50,20,0,0,0,0,0,0,0,0,0,0,0,0,0,0,25,0
61,2026-05-30T18:24:51.000,03:34.00,0x0A02,210,血量,各机器人剩余血量,info_20260530_182451_loop000000.c64,200,236,180,225,0,,400,,,,,,,,,,,,,,,,,,,,,,,,,,,,,,,,,,,,,,,,,
62,2026-05-30T18:24:51.000,03:34.00,0x0A03,211,发弹量,各机器人/单位剩余发弹量,info_20260530_182451_loop000000.c64,8,,66,42,,702,299,,,,,,,,,,,,,,,,,,,,,,,,,,,,,,,,,,,,,,,,,
63,2026-05-30T18:24:51.000,03:34.00,0x0A04,212,经济/占领,经济与占领状态,info_20260530_182451_loop000000.c64,,,,,,,,58,450,0,,,,,,,,,,,,,,,,,,,,,,,,,,,,,,,,,,,,,,
64,2026-05-30T18:24:51.000,03:34.00,0x0A05,213,Buff/哨兵姿态,增益、冷却、哨兵姿态等状态,info_20260530_182451_loop000000.c64,,,,,,,,,,,3,,,,,,,,,,,,,0,0,0,0,0,0,0,50,20,0,0,0,0,0,0,0,0,0,0,0,0,0,0,25,0
65,2026-05-30T18:24:51.000,03:34.00,0x0A01,216,位置,各机器人场地坐标，单位 cm,info_20260530_182451_loop000000.c64,,,,,,,,,,,,1103,1215,481,171,905,516,1005,350,737,1290,368,858,,,,,,,,,,,,,,,,,,,,,,,,,
66,2026-05-30T18:24:51.000,03:34.00,0x0A02,217,血量,各机器人剩余血量,info_20260530_182451_loop000000.c64,200,236,180,225,0,,400,,,,,,,,,,,,,,,,,,,,,,,,,,,,,,,,,,,,,,,,,
67,2026-05-30T18:24:51.000,03:34.00,0x0A03,218,发弹量,各机器人/单位剩余发弹量,info_20260530_182451_loop000000.c64,8,,66,42,,702,299,,,,,,,,,,,,,,,,,,,,,,,,,,,,,,,,,,,,,,,,,
68,2026-05-30T18:24:51.000,03:34.00,0x0A04,219,经济/占领,经济与占领状态,info_20260530_182451_loop000000.c64,,,,,,,,58,450,0,,,,,,,,,,,,,,,,,,,,,,,,,,,,,,,,,,,,,,
69,2026-05-30T18:24:51.000,03:34.00,0x0A01,223,位置,各机器人场地坐标，单位 cm,info_20260530_182451_loop000000.c64,,,,,,,,,,,,1104,1217,479,169,907,516,1003,353,737,1290,369,859,,,,,,,,,,,,,,,,,,,,,,,,,
70,2026-05-30T18:24:51.000,03:34.00,0x0A02,224,血量,各机器人剩余血量,info_20260530_182451_loop000000.c64,200,236,180,225,0,,400,,,,,,,,,,,,,,,,,,,,,,,,,,,,,,,,,,,,,,,,,
71,2026-05-30T18:24:51.000,03:34.00,0x0A03,225,发弹量,各机器人/单位剩余发弹量,info_20260530_182451_loop000000.c64,8,,66,42,,702,299,,,,,,,,,,,,,,,,,,,,,,,,,,,,,,,,,,,,,,,,,
72,2026-05-30T18:25:09.000,03:52.00,0x0A04,157,经济/占领,经济与占领状态,info_20260530_182509_loop000000.c64,,,,,,,,108,500,0,,,,,,,,,,,,,,,,,,,,,,,,,,,,,,,,,,,,,,
73,2026-05-30T18:25:27.000,04:10.00,0x0A04,123,经济/占领,经济与占领状态,info_20260530_182527_loop000000.c64,,,,,,,,108,500,0,,,,,,,,,,,,,,,,,,,,,,,,,,,,,,,,,,,,,,
74,2026-05-30T18:25:27.000,04:10.00,0x0A05,124,Buff/哨兵姿态,增益、冷却、哨兵姿态等状态,info_20260530_182527_loop000000.c64,,,,,,,,,,,3,,,,,,,,,,,,,0,0,0,0,0,0,0,100,0,0,0,0,0,20,0,0,0,0,0,0,0,0,0,25,0
75,2026-05-30T18:25:27.000,04:10.00,0x0A02,128,血量,各机器人剩余血量,info_20260530_182527_loop000000.c64,200,106,180,205,0,,400,,,,,,,,,,,,,,,,,,,,,,,,,,,,,,,,,,,,,,,,,
76,2026-05-30T18:25:27.000,04:10.00,0x0A03,129,发弹量,各机器人/单位剩余发弹量,info_20260530_182527_loop000000.c64,4,,55,21,,702,299,,,,,,,,,,,,,,,,,,,,,,,,,,,,,,,,,,,,,,,,,
77,2026-05-30T18:25:27.000,04:10.00,0x0A04,130,经济/占领,经济与占领状态,info_20260530_182527_loop000000.c64,,,,,,,,108,500,0,,,,,,,,,,,,,,,,,,,,,,,,,,,,,,,,,,,,,,
78,2026-05-30T18:25:27.000,04:10.00,0x0A05,131,Buff/哨兵姿态,增益、冷却、哨兵姿态等状态,info_20260530_182527_loop000000.c64,,,,,,,,,,,3,,,,,,,,,,,,,0,0,0,0,0,0,0,100,0,0,0,0,0,20,0,0,0,0,0,0,0,0,0,25,0
79,2026-05-30T18:25:27.000,04:10.00,0x0A01,134,位置,各机器人场地坐标，单位 cm,info_20260530_182527_loop000000.c64,,,,,,,,,,,,1140,1220,1277,791,951,1222,979,404,737,1290,343,874,,,,,,,,,,,,,,,,,,,,,,,,,
80,2026-05-30T18:25:27.000,04:10.00,0x0A03,136,发弹量,各机器人/单位剩余发弹量,info_20260530_182527_loop000000.c64,4,,55,21,,702,299,,,,,,,,,,,,,,,,,,,,,,,,,,,,,,,,,,,,,,,,,
81,2026-05-30T18:25:27.000,04:10.00,0x0A04,137,经济/占领,经济与占领状态,info_20260530_182527_loop000000.c64,,,,,,,,108,500,0,,,,,,,,,,,,,,,,,,,,,,,,,,,,,,,,,,,,,,
82,2026-05-30T18:25:27.000,04:10.00,0x0A05,138,Buff/哨兵姿态,增益、冷却、哨兵姿态等状态,info_20260530_182527_loop000000.c64,,,,,,,,,,,3,,,,,,,,,,,,,0,0,0,0,0,0,0,100,0,0,0,0,0,20,0,0,0,0,0,0,0,0,0,25,0
83,2026-05-30T18:25:27.000,04:10.00,0x0A01,141,位置,各机器人场地坐标，单位 cm,info_20260530_182527_loop000000.c64,,,,,,,,,,,,1141,1222,1276,796,952,1224,979,407,737,1290,343,874,,,,,,,,,,,,,,,,,,,,,,,,,
84,2026-05-30T18:25:27.000,04:10.00,0x0A02,142,血量,各机器人剩余血量,info_20260530_182527_loop000000.c64,200,106,180,205,0,,400,,,,,,,,,,,,,,,,,,,,,,,,,,,,,,,,,,,,,,,,,
85,2026-05-30T18:25:27.000,04:10.00,0x0A03,143,发弹量,各机器人/单位剩余发弹量,info_20260530_182527_loop000000.c64,4,,55,21,,702,299,,,,,,,,,,,,,,,,,,,,,,,,,,,,,,,,,,,,,,,,,
86,2026-05-30T18:25:27.000,04:10.00,0x0A04,144,经济/占领,经济与占领状态,info_20260530_182527_loop000000.c64,,,,,,,,108,500,0,,,,,,,,,,,,,,,,,,,,,,,,,,,,,,,,,,,,,,
87,2026-05-30T18:25:27.000,04:10.00,0x0A05,145,Buff/哨兵姿态,增益、冷却、哨兵姿态等状态,info_20260530_182527_loop000000.c64,,,,,,,,,,,3,,,,,,,,,,,,,0,0,0,0,0,0,0,100,0,0,0,0,0,20,0,0,0,0,0,0,0,0,0,25,0
88,2026-05-30T18:25:27.000,04:10.00,0x0A01,148,位置,各机器人场地坐标，单位 cm,info_20260530_182527_loop000000.c64,,,,,,,,,,,,1142,1224,1276,796,954,1226,981,406,737,1290,343,875,,,,,,,,,,,,,,,,,,,,,,,,,
89,2026-05-30T18:25:27.000,04:10.00,0x0A02,149,血量,各机器人剩余血量,info_20260530_182527_loop000000.c64,200,106,180,205,0,,400,,,,,,,,,,,,,,,,,,,,,,,,,,,,,,,,,,,,,,,,,
90,2026-05-30T18:25:27.000,04:10.00,0x0A03,150,发弹量,各机器人/单位剩余发弹量,info_20260530_182527_loop000000.c64,4,,55,21,,702,299,,,,,,,,,,,,,,,,,,,,,,,,,,,,,,,,,,,,,,,,,
91,2026-05-30T18:25:27.000,04:10.00,0x0A04,151,经济/占领,经济与占领状态,info_20260530_182527_loop000000.c64,,,,,,,,108,500,0,,,,,,,,,,,,,,,,,,,,,,,,,,,,,,,,,,,,,,
92,2026-05-30T18:25:27.000,04:10.00,0x0A05,152,Buff/哨兵姿态,增益、冷却、哨兵姿态等状态,info_20260530_182527_loop000000.c64,,,,,,,,,,,3,,,,,,,,,,,,,0,0,0,0,0,0,0,100,0,0,0,0,0,20,0,0,0,0,0,0,0,0,0,25,0
93,2026-05-30T18:25:27.000,04:10.00,0x0A01,155,位置,各机器人场地坐标，单位 cm,info_20260530_182527_loop000000.c64,,,,,,,,,,,,1142,1222,1273,795,955,1225,987,407,737,1290,343,875,,,,,,,,,,,,,,,,,,,,,,,,,
94,2026-05-30T18:25:27.000,04:10.00,0x0A02,156,血量,各机器人剩余血量,info_20260530_182527_loop000000.c64,200,106,180,205,0,,400,,,,,,,,,,,,,,,,,,,,,,,,,,,,,,,,,,,,,,,,,
95,2026-05-30T18:25:27.000,04:10.00,0x0A03,157,发弹量,各机器人/单位剩余发弹量,info_20260530_182527_loop000000.c64,4,,55,21,,702,299,,,,,,,,,,,,,,,,,,,,,,,,,,,,,,,,,,,,,,,,,
96,2026-05-30T18:25:27.000,04:10.00,0x0A04,158,经济/占领,经济与占领状态,info_20260530_182527_loop000000.c64,,,,,,,,108,500,0,,,,,,,,,,,,,,,,,,,,,,,,,,,,,,,,,,,,,,
97,2026-05-30T18:25:27.000,04:10.00,0x0A01,162,位置,各机器人场地坐标，单位 cm,info_20260530_182527_loop000000.c64,,,,,,,,,,,,1142,1220,1270,795,957,1218,994,404,737,1290,346,875,,,,,,,,,,,,,,,,,,,,,,,,,
98,2026-05-30T18:25:27.000,04:10.00,0x0A02,163,血量,各机器人剩余血量,info_20260530_182527_loop000000.c64,200,106,180,205,0,,400,,,,,,,,,,,,,,,,,,,,,,,,,,,,,,,,,,,,,,,,,
99,2026-05-30T18:25:27.000,04:10.00,0x0A03,164,发弹量,各机器人/单位剩余发弹量,info_20260530_182527_loop000000.c64,4,,55,21,,702,299,,,,,,,,,,,,,,,,,,,,,,,,,,,,,,,,,,,,,,,,,
100,2026-05-30T18:25:27.000,04:10.00,0x0A04,165,经济/占领,经济与占领状态,info_20260530_182527_loop000000.c64,,,,,,,,108,500,0,,,,,,,,,,,,,,,,,,,,,,,,,,,,,,,,,,,,,,
101,2026-05-30T18:25:27.000,04:10.00,0x0A05,166,Buff/哨兵姿态,增益、冷却、哨兵姿态等状态,info_20260530_182527_loop000000.c64,,,,,,,,,,,3,,,,,,,,,,,,,0,0,0,0,0,0,0,100,0,0,0,0,0,20,0,0,0,0,0,0,0,0,0,25,0
102,2026-05-30T18:25:27.000,04:10.00,0x0A01,169,位置,各机器人场地坐标，单位 cm,info_20260530_182527_loop000000.c64,,,,,,,,,,,,1143,1220,1270,795,958,1208,995,405,737,1290,349,874,,,,,,,,,,,,,,,,,,,,,,,,,
103,2026-05-30T18:25:27.000,04:10.00,0x0A02,170,血量,各机器人剩余血量,info_20260530_182527_loop000000.c64,200,106,180,205,0,,400,,,,,,,,,,,,,,,,,,,,,,,,,,,,,,,,,,,,,,,,,
104,2026-05-30T18:25:45.000,04:28.00,0x0A05,90,Buff/哨兵姿态,增益、冷却、哨兵姿态等状态,info_20260530_182545_loop000000.c64,,,,,,,,,,,3,,,,,,,,,,,,,0,0,0,0,0,0,0,100,0,0,0,0,0,20,0,0,0,0,0,0,0,0,0,25,0
105,2026-05-30T18:25:45.000,04:28.00,0x0A01,93,位置,各机器人场地坐标，单位 cm,info_20260530_182545_loop000000.c64,,,,,,,,,,,,1141,1218,1292,826,960,1088,995,406,737,1290,379,937,,,,,,,,,,,,,,,,,,,,,,,,,
106,2026-05-30T18:25:45.000,04:28.00,0x0A02,94,血量,各机器人剩余血量,info_20260530_182545_loop000000.c64,200,106,180,230,0,,400,,,,,,,,,,,,,,,,,,,,,,,,,,,,,,,,,,,,,,,,,
107,2026-05-30T18:25:45.000,04:28.00,0x0A03,95,发弹量,各机器人/单位剩余发弹量,info_20260530_182545_loop000000.c64,2,,55,0,,702,299,,,,,,,,,,,,,,,,,,,,,,,,,,,,,,,,,,,,,,,,,
108,2026-05-30T18:25:45.000,04:28.00,0x0A04,96,经济/占领,经济与占领状态,info_20260530_182545_loop000000.c64,,,,,,,,158,550,0,,,,,,,,,,,,,,,,,,,,,,,,,,,,,,,,,,,,,,
109,2026-05-30T18:25:45.000,04:28.00,0x0A05,97,Buff/哨兵姿态,增益、冷却、哨兵姿态等状态,info_20260530_182545_loop000000.c64,,,,,,,,,,,3,,,,,,,,,,,,,0,0,0,0,0,0,0,100,0,0,0,0,0,20,0,0,0,0,0,0,0,0,0,25,0
110,2026-05-30T18:25:45.000,04:28.00,0x0A01,100,位置,各机器人场地坐标，单位 cm,info_20260530_182545_loop000000.c64,,,,,,,,,,,,1142,1217,1292,826,962,1076,997,406,737,1290,379,937,,,,,,,,,,,,,,,,,,,,,,,,,
111,2026-05-30T18:25:45.000,04:28.00,0x0A02,101,血量,各机器人剩余血量,info_20260530_182545_loop000000.c64,200,106,180,230,0,,400,,,,,,,,,,,,,,,,,,,,,,,,,,,,,,,,,,,,,,,,,
112,2026-05-30T18:25:45.000,04:28.00,0x0A03,102,发弹量,各机器人/单位剩余发弹量,info_20260530_182545_loop000000.c64,2,,55,0,,702,299,,,,,,,,,,,,,,,,,,,,,,,,,,,,,,,,,,,,,,,,,
113,2026-05-30T18:25:45.000,04:28.00,0x0A04,103,经济/占领,经济与占领状态,info_20260530_182545_loop000000.c64,,,,,,,,158,550,0,,,,,,,,,,,,,,,,,,,,,,,,,,,,,,,,,,,,,,
114,2026-05-30T18:25:45.000,04:28.00,0x0A02,108,血量,各机器人剩余血量,info_20260530_182545_loop000000.c64,200,106,180,230,0,,400,,,,,,,,,,,,,,,,,,,,,,,,,,,,,,,,,,,,,,,,,
115,2026-05-30T18:25:45.000,04:28.00,0x0A03,109,发弹量,各机器人/单位剩余发弹量,info_20260530_182545_loop000000.c64,2,,55,0,,702,299,,,,,,,,,,,,,,,,,,,,,,,,,,,,,,,,,,,,,,,,,
116,2026-05-30T18:25:45.000,04:28.00,0x0A01,114,位置,各机器人场地坐标，单位 cm,info_20260530_182545_loop000000.c64,,,,,,,,,,,,1141,1220,1295,823,970,1057,997,407,737,1290,373,944,,,,,,,,,,,,,,,,,,,,,,,,,
117,2026-05-30T18:25:45.000,04:28.00,0x0A02,115,血量,各机器人剩余血量,info_20260530_182545_loop000000.c64,200,106,180,230,0,,400,,,,,,,,,,,,,,,,,,,,,,,,,,,,,,,,,,,,,,,,,
118,2026-05-30T18:25:45.000,04:28.00,0x0A03,116,发弹量,各机器人/单位剩余发弹量,info_20260530_182545_loop000000.c64,2,,55,0,,702,299,,,,,,,,,,,,,,,,,,,,,,,,,,,,,,,,,,,,,,,,,
119,2026-05-30T18:25:45.000,04:28.00,0x0A04,117,经济/占领,经济与占领状态,info_20260530_182545_loop000000.c64,,,,,,,,158,550,0,,,,,,,,,,,,,,,,,,,,,,,,,,,,,,,,,,,,,,
120,2026-05-30T18:25:45.000,04:28.00,0x0A01,121,位置,各机器人场地坐标，单位 cm,info_20260530_182545_loop000000.c64,,,,,,,,,,,,1143,1221,1296,825,974,1054,998,405,737,1290,373,946,,,,,,,,,,,,,,,,,,,,,,,,,
121,2026-05-30T18:25:45.000,04:28.00,0x0A02,122,血量,各机器人剩余血量,info_20260530_182545_loop000000.c64,200,106,180,230,0,,400,,,,,,,,,,,,,,,,,,,,,,,,,,,,,,,,,,,,,,,,,
122,2026-05-30T18:25:45.000,04:28.00,0x0A03,123,发弹量,各机器人/单位剩余发弹量,info_20260530_182545_loop000000.c64,2,,55,0,,702,299,,,,,,,,,,,,,,,,,,,,,,,,,,,,,,,,,,,,,,,,,
123,2026-05-30T18:25:45.000,04:28.00,0x0A04,124,经济/占领,经济与占领状态,info_20260530_182545_loop000000.c64,,,,,,,,158,550,0,,,,,,,,,,,,,,,,,,,,,,,,,,,,,,,,,,,,,,
124,2026-05-30T18:25:45.000,04:28.00,0x0A05,125,Buff/哨兵姿态,增益、冷却、哨兵姿态等状态,info_20260530_182545_loop000000.c64,,,,,,,,,,,3,,,,,,,,,,,,,0,0,0,0,0,0,0,100,0,0,0,0,0,20,0,0,0,0,0,0,0,0,0,25,0
125,2026-05-30T18:25:45.000,04:28.00,0x0A01,128,位置,各机器人场地坐标，单位 cm,info_20260530_182545_loop000000.c64,,,,,,,,,,,,1140,1222,1294,825,975,1053,997,405,737,1290,366,945,,,,,,,,,,,,,,,,,,,,,,,,,
126,2026-05-30T18:25:45.000,04:28.00,0x0A02,129,血量,各机器人剩余血量,info_20260530_182545_loop000000.c64,200,106,180,230,0,,400,,,,,,,,,,,,,,,,,,,,,,,,,,,,,,,,,,,,,,,,,
127,2026-05-30T18:25:45.000,04:28.00,0x0A03,130,发弹量,各机器人/单位剩余发弹量,info_20260530_182545_loop000000.c64,2,,55,0,,702,299,,,,,,,,,,,,,,,,,,,,,,,,,,,,,,,,,,,,,,,,,
128,2026-05-30T18:25:45.000,04:28.00,0x0A04,131,经济/占领,经济与占领状态,info_20260530_182545_loop000000.c64,,,,,,,,158,550,0,,,,,,,,,,,,,,,,,,,,,,,,,,,,,,,,,,,,,,
129,2026-05-30T18:25:45.000,04:28.00,0x0A05,132,Buff/哨兵姿态,增益、冷却、哨兵姿态等状态,info_20260530_182545_loop000000.c64,,,,,,,,,,,3,,,,,,,,,,,,,0,0,0,0,0,0,0,100,0,0,0,0,0,20,0,0,0,0,0,0,0,0,0,25,0
130,2026-05-30T18:25:45.000,04:28.00,0x0A02,136,血量,各机器人剩余血量,info_20260530_182545_loop000000.c64,200,106,180,230,0,,400,,,,,,,,,,,,,,,,,,,,,,,,,,,,,,,,,,,,,,,,,
131,2026-05-30T18:25:45.000,04:28.00,0x0A03,137,发弹量,各机器人/单位剩余发弹量,info_20260530_182545_loop000000.c64,2,,55,0,,702,299,,,,,,,,,,,,,,,,,,,,,,,,,,,,,,,,,,,,,,,,,
132,2026-05-30T18:25:45.000,04:28.00,0x0A04,138,经济/占领,经济与占领状态,info_20260530_182545_loop000000.c64,,,,,,,,158,550,0,,,,,,,,,,,,,,,,,,,,,,,,,,,,,,,,,,,,,,
133,2026-05-30T18:26:03.000,04:46.00,0x0A01,59,位置,各机器人场地坐标，单位 cm,info_20260530_182603_loop000000.c64,,,,,,,,,,,,1089,1186,1297,830,1002,1094,201,205,737,1290,333,908,,,,,,,,,,,,,,,,,,,,,,,,,
134,2026-05-30T18:26:03.000,04:46.00,0x0A02,60,血量,各机器人剩余血量,info_20260530_182603_loop000000.c64,200,106,180,250,0,,400,,,,,,,,,,,,,,,,,,,,,,,,,,,,,,,,,,,,,,,,,
135,2026-05-30T18:26:03.000,04:46.00,0x0A03,61,发弹量,各机器人/单位剩余发弹量,info_20260530_182603_loop000000.c64,0,,40,70,,702,299,,,,,,,,,,,,,,,,,,,,,,,,,,,,,,,,,,,,,,,,,
136,2026-05-30T18:26:03.000,04:46.00,0x0A04,62,经济/占领,经济与占领状态,info_20260530_182603_loop000000.c64,,,,,,,,188,650,1,,,,,,,,,,,,,,,,,,,,,,,,,,,,,,,,,,,,,,
137,2026-05-30T18:26:03.000,04:46.00,0x0A05,63,Buff/哨兵姿态,增益、冷却、哨兵姿态等状态,info_20260530_182603_loop000000.c64,,,,,,,,,,,3,,,,,,,,,,,,,0,0,0,0,0,0,0,100,0,0,0,0,0,0,0,10,0,0,0,0,0,0,0,25,0
138,2026-05-30T18:26:03.000,04:46.00,0x0A02,67,血量,各机器人剩余血量,info_20260530_182603_loop000000.c64,200,106,180,250,0,,400,,,,,,,,,,,,,,,,,,,,,,,,,,,,,,,,,,,,,,,,,
139,2026-05-30T18:26:03.000,04:46.00,0x0A03,68,发弹量,各机器人/单位剩余发弹量,info_20260530_182603_loop000000.c64,0,,40,70,,702,299,,,,,,,,,,,,,,,,,,,,,,,,,,,,,,,,,,,,,,,,,
140,2026-05-30T18:26:03.000,04:46.00,0x0A04,69,经济/占领,经济与占领状态,info_20260530_182603_loop000000.c64,,,,,,,,188,650,1,,,,,,,,,,,,,,,,,,,,,,,,,,,,,,,,,,,,,,
141,2026-05-30T18:26:21.000,05:04.00,0x0A03,27,发弹量,各机器人/单位剩余发弹量,info_20260530_182621_loop000000.c64,20,,39,49,,702,299,,,,,,,,,,,,,,,,,,,,,,,,,,,,,,,,,,,,,,,,,
142,2026-05-30T18:26:21.000,05:04.00,0x0A04,28,经济/占领,经济与占领状态,info_20260530_182621_loop000000.c64,,,,,,,,138,800,0,,,,,,,,,,,,,,,,,,,,,,,,,,,,,,,,,,,,,,
143,2026-05-30T18:26:21.000,05:04.00,0x0A05,29,Buff/哨兵姿态,增益、冷却、哨兵姿态等状态,info_20260530_182621_loop000000.c64,,,,,,,,,,,3,,,,,,,,,,,,,0,0,0,20,0,0,0,100,0,0,0,0,0,0,0,0,0,0,0,0,0,0,0,25,0
144,2026-05-30T18:26:21.000,05:04.00,0x0A01,32,位置,各机器人场地坐标，单位 cm,info_20260530_182621_loop000000.c64,,,,,,,,,,,,757,927,1300,841,833,815,979,333,737,1290,387,931,,,,,,,,,,,,,,,,,,,,,,,,,
145,2026-05-30T18:26:21.000,05:04.00,0x0A02,33,血量,各机器人剩余血量,info_20260530_182621_loop000000.c64,200,106,180,226,0,,400,,,,,,,,,,,,,,,,,,,,,,,,,,,,,,,,,,,,,,,,,
146,2026-05-30T18:26:21.000,05:04.00,0x0A03,34,发弹量,各机器人/单位剩余发弹量,info_20260530_182621_loop000000.c64,20,,39,49,,702,299,,,,,,,,,,,,,,,,,,,,,,,,,,,,,,,,,,,,,,,,,
147,2026-05-30T18:26:21.000,05:04.00,0x0A04,35,经济/占领,经济与占领状态,info_20260530_182621_loop000000.c64,,,,,,,,138,800,0,,,,,,,,,,,,,,,,,,,,,,,,,,,,,,,,,,,,,,
148,2026-05-30T18:26:21.000,05:04.00,0x0A05,36,Buff/哨兵姿态,增益、冷却、哨兵姿态等状态,info_20260530_182621_loop000000.c64,,,,,,,,,,,3,,,,,,,,,,,,,0,0,0,20,0,0,0,100,0,0,0,0,0,0,0,0,0,0,0,0,0,0,0,25,0
149,2026-05-30T18:26:21.000,05:04.00,0x0A01,39,位置,各机器人场地坐标，单位 cm,info_20260530_182621_loop000000.c64,,,,,,,,,,,,770,934,1300,842,833,815,973,341,737,1290,387,936,,,,,,,,,,,,,,,,,,,,,,,,,
150,2026-05-30T18:26:21.000,05:04.00,0x0A04,42,经济/占领,经济与占领状态,info_20260530_182621_loop000000.c64,,,,,,,,138,800,0,,,,,,,,,,,,,,,,,,,,,,,,,,,,,,,,,,,,,,
151,2026-05-30T18:26:21.000,05:04.00,0x0A05,43,Buff/哨兵姿态,增益、冷却、哨兵姿态等状态,info_20260530_182621_loop000000.c64,,,,,,,,,,,3,,,,,,,,,,,,,0,0,0,20,0,0,0,100,0,0,0,0,0,0,0,0,0,0,0,0,0,0,0,25,0
152,2026-05-30T18:26:21.000,05:04.00,0x0A01,46,位置,各机器人场地坐标，单位 cm,info_20260530_182621_loop000000.c64,,,,,,,,,,,,787,941,1302,841,833,809,967,345,737,1290,388,940,,,,,,,,,,,,,,,,,,,,,,,,,
153,2026-05-30T18:26:21.000,05:04.00,0x0A02,47,血量,各机器人剩余血量,info_20260530_182621_loop000000.c64,200,106,180,226,0,,400,,,,,,,,,,,,,,,,,,,,,,,,,,,,,,,,,,,,,,,,,
154,2026-05-30T18:26:21.000,05:04.00,0x0A03,48,发弹量,各机器人/单位剩余发弹量,info_20260530_182621_loop000000.c64,20,,39,49,,702,299,,,,,,,,,,,,,,,,,,,,,,,,,,,,,,,,,,,,,,,,,
155,2026-05-30T18:26:21.000,05:04.00,0x0A04,49,经济/占领,经济与占领状态,info_20260530_182621_loop000000.c64,,,,,,,,138,800,0,,,,,,,,,,,,,,,,,,,,,,,,,,,,,,,,,,,,,,
156,2026-05-30T18:26:21.000,05:04.00,0x0A05,50,Buff/哨兵姿态,增益、冷却、哨兵姿态等状态,info_20260530_182621_loop000000.c64,,,,,,,,,,,3,,,,,,,,,,,,,0,0,0,20,0,0,0,100,0,0,0,0,0,0,0,0,0,0,0,0,0,0,0,25,0
157,2026-05-30T18:26:21.000,05:04.00,0x0A01,53,位置,各机器人场地坐标，单位 cm,info_20260530_182621_loop000000.c64,,,,,,,,,,,,800,946,1301,840,837,805,965,346,737,1290,388,940,,,,,,,,,,,,,,,,,,,,,,,,,
158,2026-05-30T18:26:21.000,05:04.00,0x0A02,54,血量,各机器人剩余血量,info_20260530_182621_loop000000.c64,200,106,180,226,0,,400,,,,,,,,,,,,,,,,,,,,,,,,,,,,,,,,,,,,,,,,,
159,2026-05-30T18:26:21.000,05:04.00,0x0A03,55,发弹量,各机器人/单位剩余发弹量,info_20260530_182621_loop000000.c64,20,,39,49,,702,299,,,,,,,,,,,,,,,,,,,,,,,,,,,,,,,,,,,,,,,,,
160,2026-05-30T18:26:21.000,05:04.00,0x0A04,56,经济/占领,经济与占领状态,info_20260530_182621_loop000000.c64,,,,,,,,138,800,0,,,,,,,,,,,,,,,,,,,,,,,,,,,,,,,,,,,,,,
161,2026-05-30T18:26:21.000,05:04.00,0x0A05,57,Buff/哨兵姿态,增益、冷却、哨兵姿态等状态,info_20260530_182621_loop000000.c64,,,,,,,,,,,3,,,,,,,,,,,,,0,0,0,20,0,0,0,100,0,0,0,0,0,0,0,0,0,0,0,0,0,0,0,25,0
162,2026-05-30T18:26:21.000,05:04.00,0x0A01,60,位置,各机器人场地坐标，单位 cm,info_20260530_182621_loop000000.c64,,,,,,,,,,,,813,952,1300,844,837,803,964,347,737,1290,387,943,,,,,,,,,,,,,,,,,,,,,,,,,
163,2026-05-30T18:26:21.000,05:04.00,0x0A02,61,血量,各机器人剩余血量,info_20260530_182621_loop000000.c64,200,106,180,226,0,,400,,,,,,,,,,,,,,,,,,,,,,,,,,,,,,,,,,,,,,,,,
164,2026-05-30T18:26:21.000,05:04.00,0x0A03,62,发弹量,各机器人/单位剩余发弹量,info_20260530_182621_loop000000.c64,20,,39,49,,702,299,,,,,,,,,,,,,,,,,,,,,,,,,,,,,,,,,,,,,,,,,
165,2026-05-30T18:26:21.000,05:04.00,0x0A04,63,经济/占领,经济与占领状态,info_20260530_182621_loop000000.c64,,,,,,,,188,850,0,,,,,,,,,,,,,,,,,,,,,,,,,,,,,,,,,,,,,,
166,2026-05-30T18:26:21.000,05:04.00,0x0A05,64,Buff/哨兵姿态,增益、冷却、哨兵姿态等状态,info_20260530_182621_loop000000.c64,,,,,,,,,,,3,,,,,,,,,,,,,0,0,0,20,0,0,0,100,0,0,0,0,0,0,0,0,0,0,0,0,0,0,0,25,0
167,2026-05-30T18:26:21.000,05:04.00,0x0A02,68,血量,各机器人剩余血量,info_20260530_182621_loop000000.c64,200,106,180,226,0,,400,,,,,,,,,,,,,,,,,,,,,,,,,,,,,,,,,,,,,,,,,
168,2026-05-30T18:26:21.000,05:04.00,0x0A03,69,发弹量,各机器人/单位剩余发弹量,info_20260530_182621_loop000000.c64,20,,39,49,,702,299,,,,,,,,,,,,,,,,,,,,,,,,,,,,,,,,,,,,,,,,,
169,2026-05-30T18:26:21.000,05:04.00,0x0A05,71,Buff/哨兵姿态,增益、冷却、哨兵姿态等状态,info_20260530_182621_loop000000.c64,,,,,,,,,,,3,,,,,,,,,,,,,0,0,0,20,0,0,0,100,0,0,0,0,0,0,0,0,0,0,0,0,0,0,0,25,0
170,2026-05-30T18:26:39.000,05:22.00,0x0A03,0,发弹量,各机器人/单位剩余发弹量,info_20260530_182639_loop000000.c64,18,,18,24,,702,299,,,,,,,,,,,,,,,,,,,,,,,,,,,,,,,,,,,,,,,,,
171,2026-05-30T18:26:39.000,05:22.00,0x0A05,2,Buff/哨兵姿态,增益、冷却、哨兵姿态等状态,info_20260530_182639_loop000000.c64,,,,,,,,,,,3,,,,,,,,,,,,,0,0,0,0,0,0,0,100,0,0,0,0,0,0,0,0,0,0,0,0,0,0,0,25,0
172,2026-05-30T18:26:39.000,05:22.00,0x0A01,5,位置,各机器人场地坐标，单位 cm,info_20260530_182639_loop000000.c64,,,,,,,,,,,,1186,1326,1305,807,848,459,1027,333,737,1290,364,965,,,,,,,,,,,,,,,,,,,,,,,,,
173,2026-05-30T18:26:39.000,05:22.00,0x0A02,6,血量,各机器人剩余血量,info_20260530_182639_loop000000.c64,225,106,205,151,0,,400,,,,,,,,,,,,,,,,,,,,,,,,,,,,,,,,,,,,,,,,,
174,2026-05-30T18:26:39.000,05:22.00,0x0A03,7,发弹量,各机器人/单位剩余发弹量,info_20260530_182639_loop000000.c64,18,,18,24,,702,299,,,,,,,,,,,,,,,,,,,,,,,,,,,,,,,,,,,,,,,,,
175,2026-05-30T18:26:39.000,05:22.00,0x0A04,8,经济/占领,经济与占领状态,info_20260530_182639_loop000000.c64,,,,,,,,288,950,0,,,,,,,,,,,,,,,,,,,,,,,,,,,,,,,,,,,,,,
176,2026-05-30T18:26:39.000,05:22.00,0x0A05,9,Buff/哨兵姿态,增益、冷却、哨兵姿态等状态,info_20260530_182639_loop000000.c64,,,,,,,,,,,3,,,,,,,,,,,,,0,0,0,0,0,0,0,100,0,0,0,0,0,0,0,0,0,0,0,0,0,0,0,25,0
177,2026-05-30T18:26:39.000,05:22.00,0x0A01,12,位置,各机器人场地坐标，单位 cm,info_20260530_182639_loop000000.c64,,,,,,,,,,,,1186,1323,1305,807,851,456,1030,333,737,1290,367,967,,,,,,,,,,,,,,,,,,,,,,,,,
178,2026-05-30T18:26:39.000,05:22.00,0x0A02,13,血量,各机器人剩余血量,info_20260530_182639_loop000000.c64,225,106,205,151,0,,400,,,,,,,,,,,,,,,,,,,,,,,,,,,,,,,,,,,,,,,,,
179,2026-05-30T18:26:39.000,05:22.00,0x0A03,14,发弹量,各机器人/单位剩余发弹量,info_20260530_182639_loop000000.c64,18,,18,24,,702,298,,,,,,,,,,,,,,,,,,,,,,,,,,,,,,,,,,,,,,,,,
180,2026-05-30T18:26:39.000,05:22.00,0x0A04,15,经济/占领,经济与占领状态,info_20260530_182639_loop000000.c64,,,,,,,,288,950,0,,,,,,,,,,,,,,,,,,,,,,,,,,,,,,,,,,,,,,
181,2026-05-30T18:26:39.000,05:22.00,0x0A05,16,Buff/哨兵姿态,增益、冷却、哨兵姿态等状态,info_20260530_182639_loop000000.c64,,,,,,,,,,,3,,,,,,,,,,,,,0,0,0,0,0,0,0,100,0,0,0,0,0,0,0,0,0,0,0,0,0,0,0,25,0
182,2026-05-30T18:26:39.000,05:22.00,0x0A01,19,位置,各机器人场地坐标，单位 cm,info_20260530_182639_loop000000.c64,,,,,,,,,,,,1186,1327,1305,809,851,456,1030,335,737,1290,367,965,,,,,,,,,,,,,,,,,,,,,,,,,
183,2026-05-30T18:26:39.000,05:22.00,0x0A02,20,血量,各机器人剩余血量,info_20260530_182639_loop000000.c64,225,106,205,151,0,,400,,,,,,,,,,,,,,,,,,,,,,,,,,,,,,,,,,,,,,,,,
184,2026-05-30T18:26:39.000,05:22.00,0x0A03,21,发弹量,各机器人/单位剩余发弹量,info_20260530_182639_loop000000.c64,18,,18,24,,702,298,,,,,,,,,,,,,,,,,,,,,,,,,,,,,,,,,,,,,,,,,
185,2026-05-30T18:26:39.000,05:22.00,0x0A04,22,经济/占领,经济与占领状态,info_20260530_182639_loop000000.c64,,,,,,,,288,950,0,,,,,,,,,,,,,,,,,,,,,,,,,,,,,,,,,,,,,,
186,2026-05-30T18:26:39.000,05:22.00,0x0A05,23,Buff/哨兵姿态,增益、冷却、哨兵姿态等状态,info_20260530_182639_loop000000.c64,,,,,,,,,,,3,,,,,,,,,,,,,0,0,0,0,0,0,0,100,0,0,0,0,0,0,0,0,0,0,0,0,0,0,0,25,0
187,2026-05-30T18:26:39.000,05:22.00,0x0A01,26,位置,各机器人场地坐标，单位 cm,info_20260530_182639_loop000000.c64,,,,,,,,,,,,1186,1327,1305,807,858,459,1030,334,737,1290,367,964,,,,,,,,,,,,,,,,,,,,,,,,,
188,2026-05-30T18:26:39.000,05:22.00,0x0A02,27,血量,各机器人剩余血量,info_20260530_182639_loop000000.c64,225,106,205,151,0,,400,,,,,,,,,,,,,,,,,,,,,,,,,,,,,,,,,,,,,,,,,
189,2026-05-30T18:26:39.000,05:22.00,0x0A03,28,发弹量,各机器人/单位剩余发弹量,info_20260530_182639_loop000000.c64,18,,18,24,,702,298,,,,,,,,,,,,,,,,,,,,,,,,,,,,,,,,,,,,,,,,,
190,2026-05-30T18:26:39.000,05:22.00,0x0A04,29,经济/占领,经济与占领状态,info_20260530_182639_loop000000.c64,,,,,,,,288,950,0,,,,,,,,,,,,,,,,,,,,,,,,,,,,,,,,,,,,,,
191,2026-05-30T18:26:39.000,05:22.00,0x0A05,30,Buff/哨兵姿态,增益、冷却、哨兵姿态等状态,info_20260530_182639_loop000000.c64,,,,,,,,,,,3,,,,,,,,,,,,,0,0,0,0,0,0,0,100,0,0,0,0,0,0,0,0,0,0,0,0,0,0,0,25,0
192,2026-05-30T18:26:39.000,05:22.00,0x0A01,33,位置,各机器人场地坐标，单位 cm,info_20260530_182639_loop000000.c64,,,,,,,,,,,,1185,1328,1305,808,861,461,1028,335,737,1290,366,966,,,,,,,,,,,,,,,,,,,,,,,,,
193,2026-05-30T18:26:39.000,05:22.00,0x0A02,34,血量,各机器人剩余血量,info_20260530_182639_loop000000.c64,225,106,205,151,0,,400,,,,,,,,,,,,,,,,,,,,,,,,,,,,,,,,,,,,,,,,,
194,2026-05-30T18:26:39.000,05:22.00,0x0A03,35,发弹量,各机器人/单位剩余发弹量,info_20260530_182639_loop000000.c64,18,,18,24,,702,298,,,,,,,,,,,,,,,,,,,,,,,,,,,,,,,,,,,,,,,,,
195,2026-05-30T18:26:39.000,05:22.00,0x0A04,36,经济/占领,经济与占领状态,info_20260530_182639_loop000000.c64,,,,,,,,288,950,0,,,,,,,,,,,,,,,,,,,,,,,,,,,,,,,,,,,,,,
196,2026-05-30T18:26:39.000,05:22.00,0x0A05,37,Buff/哨兵姿态,增益、冷却、哨兵姿态等状态,info_20260530_182639_loop000000.c64,,,,,,,,,,,3,,,,,,,,,,,,,0,0,0,0,0,0,0,100,0,0,0,0,0,0,0,0,0,0,0,0,0,0,0,25,0
197,2026-05-30T18:26:39.000,05:22.00,0x0A02,248,血量,各机器人剩余血量,info_20260530_182639_loop000000.c64,225,106,205,151,0,,400,,,,,,,,,,,,,,,,,,,,,,,,,,,,,,,,,,,,,,,,,
198,2026-05-30T18:26:39.000,05:22.00,0x0A03,249,发弹量,各机器人/单位剩余发弹量,info_20260530_182639_loop000000.c64,18,,18,24,,702,299,,,,,,,,,,,,,,,,,,,,,,,,,,,,,,,,,,,,,,,,,
199,2026-05-30T18:26:39.000,05:22.00,0x0A04,250,经济/占领,经济与占领状态,info_20260530_182639_loop000000.c64,,,,,,,,288,950,0,,,,,,,,,,,,,,,,,,,,,,,,,,,,,,,,,,,,,,
200,2026-05-30T18:26:39.000,05:22.00,0x0A05,251,Buff/哨兵姿态,增益、冷却、哨兵姿态等状态,info_20260530_182639_loop000000.c64,,,,,,,,,,,3,,,,,,,,,,,,,0,0,0,0,0,0,0,100,0,0,0,0,0,0,0,0,0,0,0,0,0,0,0,25,0
201,2026-05-30T18:26:39.000,05:22.00,0x0A02,255,血量,各机器人剩余血量,info_20260530_182639_loop000000.c64,225,106,205,151,0,,400,,,,,,,,,,,,,,,,,,,,,,,,,,,,,,,,,,,,,,,,,
202,2026-05-30T18:27:51.000,06:34.00,0x0A02,119,血量,各机器人剩余血量,info_20260530_182751_loop000000.c64,275,0,205,39,0,,400,,,,,,,,,,,,,,,,,,,,,,,,,,,,,,,,,,,,,,,,,
203,2026-05-30T18:27:51.000,06:34.00,0x0A03,120,发弹量,各机器人/单位剩余发弹量,info_20260530_182751_loop000000.c64,6,,82,171,,702,297,,,,,,,,,,,,,,,,,,,,,,,,,,,,,,,,,,,,,,,,,
204,2026-05-30T18:27:51.000,06:34.00,0x0A04,121,经济/占领,经济与占领状态,info_20260530_182751_loop000000.c64,,,,,,,,613,1625,32768,,,,,,,,,,,,,,,,,,,,,,,,,,,,,,,,,,,,,,
205,2026-05-30T18:27:51.000,06:34.00,0x0A05,122,Buff/哨兵姿态,增益、冷却、哨兵姿态等状态,info_20260530_182751_loop000000.c64,,,,,,,,,,,3,,,,,,,,,,,,,0,0,25,0,0,0,0,25,0,0,0,0,25,0,0,0,0,25,0,0,0,0,25,25,0
206,2026-05-30T18:28:09.000,06:52.00,0x0A01,91,位置,各机器人场地坐标，单位 cm,info_20260530_182809_loop000000.c64,,,,,,,,,,,,1186,1330,804,114,1056,1296,979,460,737,1290,344,991,,,,,,,,,,,,,,,,,,,,,,,,,
207,2026-05-30T18:28:09.000,06:52.00,0x0A02,92,血量,各机器人剩余血量,info_20260530_182809_loop000000.c64,325,0,230,325,0,,400,,,,,,,,,,,,,,,,,,,,,,,,,,,,,,,,,,,,,,,,,
208,2026-05-30T18:28:09.000,06:52.00,0x0A03,93,发弹量,各机器人/单位剩余发弹量,info_20260530_182809_loop000000.c64,3,,59,150,,702,287,,,,,,,,,,,,,,,,,,,,,,,,,,,,,,,,,,,,,,,,,
209,2026-05-30T18:28:09.000,06:52.00,0x0A04,94,经济/占领,经济与占领状态,info_20260530_182809_loop000000.c64,,,,,,,,838,1850,32768,,,,,,,,,,,,,,,,,,,,,,,,,,,,,,,,,,,,,,
210,2026-05-30T18:28:09.000,06:52.00,0x0A05,95,Buff/哨兵姿态,增益、冷却、哨兵姿态等状态,info_20260530_182809_loop000000.c64,,,,,,,,,,,3,,,,,,,,,,,,,0,0,25,0,0,0,0,25,0,0,0,0,25,0,0,0,0,25,0,0,0,0,25,25,0
211,2026-05-30T18:28:09.000,06:52.00,0x0A02,99,血量,各机器人剩余血量,info_20260530_182809_loop000000.c64,325,0,230,325,0,,400,,,,,,,,,,,,,,,,,,,,,,,,,,,,,,,,,,,,,,,,,
212,2026-05-30T18:28:09.000,06:52.00,0x0A03,100,发弹量,各机器人/单位剩余发弹量,info_20260530_182809_loop000000.c64,3,,59,150,,702,287,,,,,,,,,,,,,,,,,,,,,,,,,,,,,,,,,,,,,,,,,
213,2026-05-30T18:28:09.000,06:52.00,0x0A04,101,经济/占领,经济与占领状态,info_20260530_182809_loop000000.c64,,,,,,,,838,1850,32768,,,,,,,,,,,,,,,,,,,,,,,,,,,,,,,,,,,,,,
214,2026-05-30T18:28:09.000,06:52.00,0x0A05,102,Buff/哨兵姿态,增益、冷却、哨兵姿态等状态,info_20260530_182809_loop000000.c64,,,,,,,,,,,3,,,,,,,,,,,,,0,0,25,0,0,0,0,25,0,0,0,0,25,0,0,0,0,25,0,0,0,0,25,25,0
215,2026-05-30T18:28:09.000,06:52.00,0x0A01,105,位置,各机器人场地坐标，单位 cm,info_20260530_182809_loop000000.c64,,,,,,,,,,,,1186,1332,802,113,1037,1303,986,457,737,1290,342,989,,,,,,,,,,,,,,,,,,,,,,,,,
216,2026-05-30T18:28:09.000,06:52.00,0x0A02,106,血量,各机器人剩余血量,info_20260530_182809_loop000000.c64,325,0,230,325,0,,400,,,,,,,,,,,,,,,,,,,,,,,,,,,,,,,,,,,,,,,,,
217,2026-05-30T18:28:09.000,06:52.00,0x0A03,107,发弹量,各机器人/单位剩余发弹量,info_20260530_182809_loop000000.c64,3,,58,150,,702,287,,,,,,,,,,,,,,,,,,,,,,,,,,,,,,,,,,,,,,,,,
218,2026-05-30T18:28:09.000,06:52.00,0x0A04,108,经济/占领,经济与占领状态,info_20260530_182809_loop000000.c64,,,,,,,,838,1850,32768,,,,,,,,,,,,,,,,,,,,,,,,,,,,,,,,,,,,,,
219,2026-05-30T18:28:09.000,06:52.00,0x0A05,109,Buff/哨兵姿态,增益、冷却、哨兵姿态等状态,info_20260530_182809_loop000000.c64,,,,,,,,,,,3,,,,,,,,,,,,,0,0,25,0,0,0,0,25,0,0,0,0,25,0,0,0,0,25,0,0,0,0,25,25,0
220,2026-05-30T18:28:09.000,06:52.00,0x0A01,112,位置,各机器人场地坐标，单位 cm,info_20260530_182809_loop000000.c64,,,,,,,,,,,,1184,1333,802,112,1027,1305,991,456,737,1290,345,989,,,,,,,,,,,,,,,,,,,,,,,,,
221,2026-05-30T18:28:09.000,06:52.00,0x0A02,113,血量,各机器人剩余血量,info_20260530_182809_loop000000.c64,325,0,230,325,0,,400,,,,,,,,,,,,,,,,,,,,,,,,,,,,,,,,,,,,,,,,,
222,2026-05-30T18:28:09.000,06:52.00,0x0A03,114,发弹量,各机器人/单位剩余发弹量,info_20260530_182809_loop000000.c64,3,,58,149,,702,287,,,,,,,,,,,,,,,,,,,,,,,,,,,,,,,,,,,,,,,,,
223,2026-05-30T18:28:09.000,06:52.00,0x0A04,115,经济/占领,经济与占领状态,info_20260530_182809_loop000000.c64,,,,,,,,838,1850,32768,,,,,,,,,,,,,,,,,,,,,,,,,,,,,,,,,,,,,,
224,2026-05-30T18:28:09.000,06:52.00,0x0A05,116,Buff/哨兵姿态,增益、冷却、哨兵姿态等状态,info_20260530_182809_loop000000.c64,,,,,,,,,,,3,,,,,,,,,,,,,0,0,25,0,0,0,0,25,0,0,0,0,25,0,0,0,0,25,0,0,0,0,25,25,0
225,2026-05-30T18:28:09.000,06:52.00,0x0A01,119,位置,各机器人场地坐标，单位 cm,info_20260530_182809_loop000000.c64,,,,,,,,,,,,1185,1330,803,112,1026,1300,990,455,737,1290,344,989,,,,,,,,,,,,,,,,,,,,,,,,,
226,2026-05-30T18:28:09.000,06:52.00,0x0A02,120,血量,各机器人剩余血量,info_20260530_182809_loop000000.c64,325,0,230,325,0,,400,,,,,,,,,,,,,,,,,,,,,,,,,,,,,,,,,,,,,,,,,
227,2026-05-30T18:28:09.000,06:52.00,0x0A03,121,发弹量,各机器人/单位剩余发弹量,info_20260530_182809_loop000000.c64,3,,58,148,,702,287,,,,,,,,,,,,,,,,,,,,,,,,,,,,,,,,,,,,,,,,,
228,2026-05-30T18:28:09.000,06:52.00,0x0A04,122,经济/占领,经济与占领状态,info_20260530_182809_loop000000.c64,,,,,,,,863,1875,32768,,,,,,,,,,,,,,,,,,,,,,,,,,,,,,,,,,,,,,
229,2026-05-30T18:28:09.000,06:52.00,0x0A05,123,Buff/哨兵姿态,增益、冷却、哨兵姿态等状态,info_20260530_182809_loop000000.c64,,,,,,,,,,,3,,,,,,,,,,,,,0,0,25,0,0,0,0,25,0,0,0,0,25,0,0,0,0,25,0,0,0,0,25,25,0
230,2026-05-30T18:28:09.000,06:52.00,0x0A01,126,位置,各机器人场地坐标，单位 cm,info_20260530_182809_loop000000.c64,,,,,,,,,,,,1185,1332,802,112,1024,1293,993,456,737,1290,343,989,,,,,,,,,,,,,,,,,,,,,,,,,
231,2026-05-30T18:28:09.000,06:52.00,0x0A02,127,血量,各机器人剩余血量,info_20260530_182809_loop000000.c64,325,0,230,325,0,,400,,,,,,,,,,,,,,,,,,,,,,,,,,,,,,,,,,,,,,,,,
232,2026-05-30T18:28:09.000,06:52.00,0x0A03,128,发弹量,各机器人/单位剩余发弹量,info_20260530_182809_loop000000.c64,2,,58,148,,702,287,,,,,,,,,,,,,,,,,,,,,,,,,,,,,,,,,,,,,,,,,
233,2026-05-30T18:28:09.000,06:52.00,0x0A04,129,经济/占领,经济与占领状态,info_20260530_182809_loop000000.c64,,,,,,,,863,1875,32768,,,,,,,,,,,,,,,,,,,,,,,,,,,,,,,,,,,,,,
234,2026-05-30T18:28:09.000,06:52.00,0x0A01,133,位置,各机器人场地坐标，单位 cm,info_20260530_182809_loop000000.c64,,,,,,,,,,,,1186,1330,805,105,1024,1289,993,456,737,1290,340,989,,,,,,,,,,,,,,,,,,,,,,,,,
235,2026-05-30T18:28:27.000,07:10.00,0x0A02,58,血量,各机器人剩余血量,info_20260530_182827_loop000000.c64,10,25,215,335,0,,400,,,,,,,,,,,,,,,,,,,,,,,,,,,,,,,,,,,,,,,,,
236,2026-05-30T18:28:27.000,07:10.00,0x0A03,59,发弹量,各机器人/单位剩余发弹量,info_20260530_182827_loop000000.c64,0,,55,125,,702,287,,,,,,,,,,,,,,,,,,,,,,,,,,,,,,,,,,,,,,,,,
237,2026-05-30T18:28:27.000,07:10.00,0x0A04,60,经济/占领,经济与占领状态,info_20260530_182827_loop000000.c64,,,,,,,,1013,2025,32768,,,,,,,,,,,,,,,,,,,,,,,,,,,,,,,,,,,,,,
238,2026-05-30T18:28:27.000,07:10.00,0x0A05,61,Buff/哨兵姿态,增益、冷却、哨兵姿态等状态,info_20260530_182827_loop000000.c64,,,,,,,,,,,3,,,,,,,,,,,,,0,0,25,0,0,0,0,100,40,0,0,0,25,0,0,0,0,25,0,0,0,0,25,25,0
239,2026-05-30T18:28:27.000,07:10.00,0x0A01,64,位置,各机器人场地坐标，单位 cm,info_20260530_182827_loop000000.c64,,,,,,,,,,,,1166,1346,804,113,1071,1386,969,414,737,1290,329,961,,,,,,,,,,,,,,,,,,,,,,,,,
240,2026-05-30T18:28:27.000,07:10.00,0x0A02,65,血量,各机器人剩余血量,info_20260530_182827_loop000000.c64,10,25,215,335,0,,400,,,,,,,,,,,,,,,,,,,,,,,,,,,,,,,,,,,,,,,,,
241,2026-05-30T18:28:27.000,07:10.00,0x0A03,66,发弹量,各机器人/单位剩余发弹量,info_20260530_182827_loop000000.c64,0,,55,125,,702,287,,,,,,,,,,,,,,,,,,,,,,,,,,,,,,,,,,,,,,,,,
242,2026-05-30T18:28:27.000,07:10.00,0x0A04,67,经济/占领,经济与占领状态,info_20260530_182827_loop000000.c64,,,,,,,,1013,2025,32768,,,,,,,,,,,,,,,,,,,,,,,,,,,,,,,,,,,,,,
243,2026-05-30T18:28:27.000,07:10.00,0x0A05,68,Buff/哨兵姿态,增益、冷却、哨兵姿态等状态,info_20260530_182827_loop000000.c64,,,,,,,,,,,3,,,,,,,,,,,,,0,0,25,0,0,0,0,100,40,0,0,0,25,0,0,0,0,25,0,0,0,0,25,25,0
244,2026-05-30T18:28:27.000,07:10.00,0x0A01,71,位置,各机器人场地坐标，单位 cm,info_20260530_182827_loop000000.c64,,,,,,,,,,,,1167,1350,804,113,1073,1386,969,414,737,1290,331,961,,,,,,,,,,,,,,,,,,,,,,,,,
245,2026-05-30T18:28:27.000,07:10.00,0x0A02,72,血量,各机器人剩余血量,info_20260530_182827_loop000000.c64,10,25,215,335,0,,400,,,,,,,,,,,,,,,,,,,,,,,,,,,,,,,,,,,,,,,,,
246,2026-05-30T18:28:27.000,07:10.00,0x0A03,73,发弹量,各机器人/单位剩余发弹量,info_20260530_182827_loop000000.c64,0,,55,125,,702,287,,,,,,,,,,,,,,,,,,,,,,,,,,,,,,,,,,,,,,,,,
247,2026-05-30T18:28:27.000,07:10.00,0x0A04,74,经济/占领,经济与占领状态,info_20260530_182827_loop000000.c64,,,,,,,,1013,2025,32768,,,,,,,,,,,,,,,,,,,,,,,,,,,,,,,,,,,,,,
248,2026-05-30T18:28:27.000,07:10.00,0x0A05,75,Buff/哨兵姿态,增益、冷却、哨兵姿态等状态,info_20260530_182827_loop000000.c64,,,,,,,,,,,3,,,,,,,,,,,,,0,0,25,0,0,0,0,100,40,0,0,0,25,0,0,0,0,25,0,0,0,0,25,25,0
249,2026-05-30T18:28:27.000,07:10.00,0x0A01,78,位置,各机器人场地坐标，单位 cm,info_20260530_182827_loop000000.c64,,,,,,,,,,,,1167,1349,804,115,1076,1384,961,417,737,1290,333,957,,,,,,,,,,,,,,,,,,,,,,,,,
250,2026-05-30T18:28:27.000,07:10.00,0x0A02,79,血量,各机器人剩余血量,info_20260530_182827_loop000000.c64,10,25,215,335,0,,400,,,,,,,,,,,,,,,,,,,,,,,,,,,,,,,,,,,,,,,,,
251,2026-05-30T18:28:27.000,07:10.00,0x0A03,80,发弹量,各机器人/单位剩余发弹量,info_20260530_182827_loop000000.c64,0,,55,125,,702,287,,,,,,,,,,,,,,,,,,,,,,,,,,,,,,,,,,,,,,,,,
252,2026-05-30T18:28:27.000,07:10.00,0x0A04,81,经济/占领,经济与占领状态,info_20260530_182827_loop000000.c64,,,,,,,,1013,2025,32768,,,,,,,,,,,,,,,,,,,,,,,,,,,,,,,,,,,,,,
253,2026-05-30T18:28:27.000,07:10.00,0x0A05,82,Buff/哨兵姿态,增益、冷却、哨兵姿态等状态,info_20260530_182827_loop000000.c64,,,,,,,,,,,3,,,,,,,,,,,,,0,0,25,0,0,0,0,100,40,0,0,0,25,0,0,0,0,25,0,0,0,0,25,25,0
254,2026-05-30T18:28:27.000,07:10.00,0x0A01,85,位置,各机器人场地坐标，单位 cm,info_20260530_182827_loop000000.c64,,,,,,,,,,,,1165,1350,802,115,1084,1376,959,419,737,1290,336,952,,,,,,,,,,,,,,,,,,,,,,,,,
255,2026-05-30T18:28:27.000,07:10.00,0x0A02,86,血量,各机器人剩余血量,info_20260530_182827_loop000000.c64,10,25,215,335,0,,400,,,,,,,,,,,,,,,,,,,,,,,,,,,,,,,,,,,,,,,,,
256,2026-05-30T18:28:27.000,07:10.00,0x0A03,87,发弹量,各机器人/单位剩余发弹量,info_20260530_182827_loop000000.c64,0,,55,125,,702,287,,,,,,,,,,,,,,,,,,,,,,,,,,,,,,,,,,,,,,,,,
257,2026-05-30T18:28:27.000,07:10.00,0x0A04,88,经济/占领,经济与占领状态,info_20260530_182827_loop000000.c64,,,,,,,,1013,2025,32768,,,,,,,,,,,,,,,,,,,,,,,,,,,,,,,,,,,,,,
258,2026-05-30T18:28:27.000,07:10.00,0x0A05,89,Buff/哨兵姿态,增益、冷却、哨兵姿态等状态,info_20260530_182827_loop000000.c64,,,,,,,,,,,3,,,,,,,,,,,,,0,0,25,0,0,0,0,100,40,0,0,0,25,0,0,0,0,25,0,0,0,0,25,25,0
259,2026-05-30T18:28:27.000,07:10.00,0x0A01,92,位置,各机器人场地坐标，单位 cm,info_20260530_182827_loop000000.c64,,,,,,,,,,,,1167,1349,805,113,1086,1373,963,423,737,1290,337,950,,,,,,,,,,,,,,,,,,,,,,,,,
260,2026-05-30T18:28:27.000,07:10.00,0x0A02,93,血量,各机器人剩余血量,info_20260530_182827_loop000000.c64,10,25,215,335,0,,400,,,,,,,,,,,,,,,,,,,,,,,,,,,,,,,,,,,,,,,,,
261,2026-05-30T18:28:27.000,07:10.00,0x0A03,94,发弹量,各机器人/单位剩余发弹量,info_20260530_182827_loop000000.c64,0,,55,125,,702,287,,,,,,,,,,,,,,,,,,,,,,,,,,,,,,,,,,,,,,,,,
262,2026-05-30T18:28:27.000,07:10.00,0x0A04,95,经济/占领,经济与占领状态,info_20260530_182827_loop000000.c64,,,,,,,,1013,2025,32768,,,,,,,,,,,,,,,,,,,,,,,,,,,,,,,,,,,,,,
263,2026-05-30T18:28:27.000,07:10.00,0x0A05,96,Buff/哨兵姿态,增益、冷却、哨兵姿态等状态,info_20260530_182827_loop000000.c64,,,,,,,,,,,3,,,,,,,,,,,,,0,0,25,0,0,0,0,100,40,0,0,0,25,0,0,0,0,25,0,0,0,0,25,25,0
264,2026-05-30T18:28:27.000,07:10.00,0x0A02,100,血量,各机器人剩余血量,info_20260530_182827_loop000000.c64,10,25,215,335,0,,400,,,,,,,,,,,,,,,,,,,,,,,,,,,,,,,,,,,,,,,,,
265,2026-05-30T18:28:27.000,07:10.00,0x0A03,101,发弹量,各机器人/单位剩余发弹量,info_20260530_182827_loop000000.c64,0,,55,125,,702,287,,,,,,,,,,,,,,,,,,,,,,,,,,,,,,,,,,,,,,,,,
266,2026-05-30T18:28:27.000,07:10.00,0x0A04,102,经济/占领,经济与占领状态,info_20260530_182827_loop000000.c64,,,,,,,,1013,2025,32768,,,,,,,,,,,,,,,,,,,,,,,,,,,,,,,,,,,,,,
267,2026-05-30T18:28:27.000,07:10.00,0x0A05,103,Buff/哨兵姿态,增益、冷却、哨兵姿态等状态,info_20260530_182827_loop000000.c64,,,,,,,,,,,3,,,,,,,,,,,,,0,0,25,0,0,0,0,100,40,0,0,0,25,0,0,0,0,25,0,0,0,0,25,25,0
268,2026-05-30T18:28:45.000,07:28.00,0x0A02,24,血量,各机器人剩余血量,info_20260530_182845_loop000000.c64,325,25,141,385,0,,400,,,,,,,,,,,,,,,,,,,,,,,,,,,,,,,,,,,,,,,,,
269,2026-05-30T18:28:45.000,07:28.00,0x0A03,25,发弹量,各机器人/单位剩余发弹量,info_20260530_182845_loop000000.c64,0,,38,96,,702,275,,,,,,,,,,,,,,,,,,,,,,,,,,,,,,,,,,,,,,,,,
270,2026-05-30T18:28:45.000,07:28.00,0x0A04,26,经济/占领,经济与占领状态,info_20260530_182845_loop000000.c64,,,,,,,,613,2225,0,,,,,,,,,,,,,,,,,,,,,,,,,,,,,,,,,,,,,,
271,2026-05-30T18:28:45.000,07:28.00,0x0A05,27,Buff/哨兵姿态,增益、冷却、哨兵姿态等状态,info_20260530_182845_loop000000.c64,,,,,,,,,,,3,,,,,,,,,,,,,0,0,25,40,0,0,0,100,40,0,0,0,25,40,0,0,0,25,40,0,0,0,25,25,0
272,2026-05-30T18:28:45.000,07:28.00,0x0A02,31,血量,各机器人剩余血量,info_20260530_182845_loop000000.c64,325,25,141,385,0,,400,,,,,,,,,,,,,,,,,,,,,,,,,,,,,,,,,,,,,,,,,
273,2026-05-30T18:28:45.000,07:28.00,0x0A03,32,发弹量,各机器人/单位剩余发弹量,info_20260530_182845_loop000000.c64,0,,38,96,,702,274,,,,,,,,,,,,,,,,,,,,,,,,,,,,,,,,,,,,,,,,,
274,2026-05-30T18:28:45.000,07:28.00,0x0A04,33,经济/占领,经济与占领状态,info_20260530_182845_loop000000.c64,,,,,,,,613,2225,0,,,,,,,,,,,,,,,,,,,,,,,,,,,,,,,,,,,,,,
275,2026-05-30T18:28:45.000,07:28.00,0x0A05,34,Buff/哨兵姿态,增益、冷却、哨兵姿态等状态,info_20260530_182845_loop000000.c64,,,,,,,,,,,3,,,,,,,,,,,,,0,0,25,40,0,0,0,100,40,0,0,0,25,40,0,0,0,25,40,0,0,0,25,25,0
276,2026-05-30T18:28:45.000,07:28.00,0x0A02,38,血量,各机器人剩余血量,info_20260530_182845_loop000000.c64,325,25,141,385,0,,400,,,,,,,,,,,,,,,,,,,,,,,,,,,,,,,,,,,,,,,,,
277,2026-05-30T18:28:45.000,07:28.00,0x0A03,39,发弹量,各机器人/单位剩余发弹量,info_20260530_182845_loop000000.c64,0,,38,96,,702,274,,,,,,,,,,,,,,,,,,,,,,,,,,,,,,,,,,,,,,,,,
278,2026-05-30T18:28:45.000,07:28.00,0x0A04,40,经济/占领,经济与占领状态,info_20260530_182845_loop000000.c64,,,,,,,,613,2225,0,,,,,,,,,,,,,,,,,,,,,,,,,,,,,,,,,,,,,,
279,2026-05-30T18:28:45.000,07:28.00,0x0A05,41,Buff/哨兵姿态,增益、冷却、哨兵姿态等状态,info_20260530_182845_loop000000.c64,,,,,,,,,,,3,,,,,,,,,,,,,0,0,25,40,0,0,0,100,40,0,0,0,25,40,0,0,0,25,40,0,0,0,25,25,0
280,2026-05-30T18:28:45.000,07:28.00,0x0A02,45,血量,各机器人剩余血量,info_20260530_182845_loop000000.c64,325,25,141,385,0,,400,,,,,,,,,,,,,,,,,,,,,,,,,,,,,,,,,,,,,,,,,
281,2026-05-30T18:28:45.000,07:28.00,0x0A03,46,发弹量,各机器人/单位剩余发弹量,info_20260530_182845_loop000000.c64,0,,38,96,,702,274,,,,,,,,,,,,,,,,,,,,,,,,,,,,,,,,,,,,,,,,,
282,2026-05-30T18:28:45.000,07:28.00,0x0A04,47,经济/占领,经济与占领状态,info_20260530_182845_loop000000.c64,,,,,,,,613,2225,0,,,,,,,,,,,,,,,,,,,,,,,,,,,,,,,,,,,,,,
283,2026-05-30T18:28:45.000,07:28.00,0x0A01,51,位置,各机器人场地坐标，单位 cm,info_20260530_182845_loop000000.c64,,,,,,,,,,,,690,904,771,503,895,1145,888,851,737,1290,330,977,,,,,,,,,,,,,,,,,,,,,,,,,
284,2026-05-30T18:28:45.000,07:28.00,0x0A02,52,血量,各机器人剩余血量,info_20260530_182845_loop000000.c64,325,25,141,385,0,,400,,,,,,,,,,,,,,,,,,,,,,,,,,,,,,,,,,,,,,,,,
285,2026-05-30T18:28:45.000,07:28.00,0x0A03,53,发弹量,各机器人/单位剩余发弹量,info_20260530_182845_loop000000.c64,0,,38,96,,702,273,,,,,,,,,,,,,,,,,,,,,,,,,,,,,,,,,,,,,,,,,
286,2026-05-30T18:28:45.000,07:28.00,0x0A04,54,经济/占领,经济与占领状态,info_20260530_182845_loop000000.c64,,,,,,,,613,2225,0,,,,,,,,,,,,,,,,,,,,,,,,,,,,,,,,,,,,,,
287,2026-05-30T18:28:45.000,07:28.00,0x0A05,55,Buff/哨兵姿态,增益、冷却、哨兵姿态等状态,info_20260530_182845_loop000000.c64,,,,,,,,,,,3,,,,,,,,,,,,,0,0,25,40,0,0,0,100,40,0,0,0,25,40,0,0,0,25,40,0,0,0,25,25,0
288,2026-05-30T18:28:45.000,07:28.00,0x0A01,58,位置,各机器人场地坐标，单位 cm,info_20260530_182845_loop000000.c64,,,,,,,,,,,,689,904,766,501,895,1147,881,840,737,1290,331,978,,,,,,,,,,,,,,,,,,,,,,,,,
289,2026-05-30T18:28:45.000,07:28.00,0x0A02,59,血量,各机器人剩余血量,info_20260530_182845_loop000000.c64,325,25,141,385,0,,400,,,,,,,,,,,,,,,,,,,,,,,,,,,,,,,,,,,,,,,,,
290,2026-05-30T18:28:45.000,07:28.00,0x0A03,60,发弹量,各机器人/单位剩余发弹量,info_20260530_182845_loop000000.c64,0,,38,96,,702,273,,,,,,,,,,,,,,,,,,,,,,,,,,,,,,,,,,,,,,,,,
291,2026-05-30T18:28:45.000,07:28.00,0x0A04,61,经济/占领,经济与占领状态,info_20260530_182845_loop000000.c64,,,,,,,,613,2225,0,,,,,,,,,,,,,,,,,,,,,,,,,,,,,,,,,,,,,,
292,2026-05-30T18:28:45.000,07:28.00,0x0A05,62,Buff/哨兵姿态,增益、冷却、哨兵姿态等状态,info_20260530_182845_loop000000.c64,,,,,,,,,,,3,,,,,,,,,,,,,0,0,25,40,0,0,0,100,40,0,0,0,25,40,0,0,0,25,40,0,0,0,25,25,0
293,2026-05-30T18:28:45.000,07:28.00,0x0A01,65,位置,各机器人场地坐标，单位 cm,info_20260530_182845_loop000000.c64,,,,,,,,,,,,685,904,761,502,898,1149,877,834,737,1290,331,978,,,,,,,,,,,,,,,,,,,,,,,,,
294,2026-05-30T18:28:45.000,07:28.00,0x0A02,66,血量,各机器人剩余血量,info_20260530_182845_loop000000.c64,325,25,141,385,0,,400,,,,,,,,,,,,,,,,,,,,,,,,,,,,,,,,,,,,,,,,,
295,2026-05-30T18:28:45.000,07:28.00,0x0A03,67,发弹量,各机器人/单位剩余发弹量,info_20260530_182845_loop000000.c64,0,,38,96,,702,273,,,,,,,,,,,,,,,,,,,,,,,,,,,,,,,,,,,,,,,,,
296,2026-05-30T18:28:45.000,07:28.00,0x0A04,68,经济/占领,经济与占领状态,info_20260530_182845_loop000000.c64,,,,,,,,613,2225,0,,,,,,,,,,,,,,,,,,,,,,,,,,,,,,,,,,,,,,
297,2026-05-30T18:29:03.000,07:46.00,0x0A05,0,Buff/哨兵姿态,增益、冷却、哨兵姿态等状态,info_20260530_182903_loop000000.c64,,,,,,,,,,,3,,,,,,,,,,,,,0,0,25,20,0,0,0,25,0,0,0,0,25,0,0,0,0,25,15,0,0,0,25,25,0
298,2026-05-30T18:29:03.000,07:46.00,0x0A01,3,位置,各机器人场地坐标，单位 cm,info_20260530_182903_loop000000.c64,,,,,,,,,,,,908,950,680,733,970,1131,963,1046,737,1290,327,984,,,,,,,,,,,,,,,,,,,,,,,,,
299,2026-05-30T18:29:03.000,07:46.00,0x0A02,4,血量,各机器人剩余血量,info_20260530_182903_loop000000.c64,325,25,0,339,0,,400,,,,,,,,,,,,,,,,,,,,,,,,,,,,,,,,,,,,,,,,,
300,2026-05-30T18:29:03.000,07:46.00,0x0A03,5,发弹量,各机器人/单位剩余发弹量,info_20260530_182903_loop000000.c64,29,,20,61,,702,246,,,,,,,,,,,,,,,,,,,,,,,,,,,,,,,,,,,,,,,,,
301,2026-05-30T18:29:03.000,07:46.00,0x0A04,6,经济/占领,经济与占领状态,info_20260530_182903_loop000000.c64,,,,,,,,513,2425,0,,,,,,,,,,,,,,,,,,,,,,,,,,,,,,,,,,,,,,
302,2026-05-30T18:29:03.000,07:46.00,0x0A05,7,Buff/哨兵姿态,增益、冷却、哨兵姿态等状态,info_20260530_182903_loop000000.c64,,,,,,,,,,,3,,,,,,,,,,,,,0,0,25,20,0,0,0,25,0,0,0,0,25,0,0,0,0,25,15,0,0,0,25,25,0
303,2026-05-30T18:29:03.000,07:46.00,0x0A01,10,位置,各机器人场地坐标，单位 cm,info_20260530_182903_loop000000.c64,,,,,,,,,,,,909,949,679,733,970,1131,959,1054,737,1290,328,983,,,,,,,,,,,,,,,,,,,,,,,,,
304,2026-05-30T18:29:03.000,07:46.00,0x0A02,11,血量,各机器人剩余血量,info_20260530_182903_loop000000.c64,325,25,0,339,0,,400,,,,,,,,,,,,,,,,,,,,,,,,,,,,,,,,,,,,,,,,,
305,2026-05-30T18:29:03.000,07:46.00,0x0A03,12,发弹量,各机器人/单位剩余发弹量,info_20260530_182903_loop000000.c64,29,,20,61,,702,246,,,,,,,,,,,,,,,,,,,,,,,,,,,,,,,,,,,,,,,,,
306,2026-05-30T18:29:03.000,07:46.00,0x0A05,14,Buff/哨兵姿态,增益、冷却、哨兵姿态等状态,info_20260530_182903_loop000000.c64,,,,,,,,,,,3,,,,,,,,,,,,,0,0,25,20,0,0,0,25,0,0,0,0,25,0,0,0,0,25,15,0,0,0,25,25,0
307,2026-05-30T18:29:03.000,07:46.00,0x0A01,17,位置,各机器人场地坐标，单位 cm,info_20260530_182903_loop000000.c64,,,,,,,,,,,,908,949,681,733,970,1130,959,1060,737,1290,324,978,,,,,,,,,,,,,,,,,,,,,,,,,
308,2026-05-30T18:29:03.000,07:46.00,0x0A02,18,血量,各机器人剩余血量,info_20260530_182903_loop000000.c64,325,25,0,339,0,,400,,,,,,,,,,,,,,,,,,,,,,,,,,,,,,,,,,,,,,,,,
309,2026-05-30T18:29:03.000,07:46.00,0x0A03,19,发弹量,各机器人/单位剩余发弹量,info_20260530_182903_loop000000.c64,29,,20,61,,702,246,,,,,,,,,,,,,,,,,,,,,,,,,,,,,,,,,,,,,,,,,
310,2026-05-30T18:29:03.000,07:46.00,0x0A04,20,经济/占领,经济与占领状态,info_20260530_182903_loop000000.c64,,,,,,,,513,2425,0,,,,,,,,,,,,,,,,,,,,,,,,,,,,,,,,,,,,,,
311,2026-05-30T18:29:03.000,07:46.00,0x0A05,21,Buff/哨兵姿态,增益、冷却、哨兵姿态等状态,info_20260530_182903_loop000000.c64,,,,,,,,,,,3,,,,,,,,,,,,,0,0,25,20,0,0,0,25,0,0,0,0,25,0,0,0,0,25,15,0,0,0,25,25,0
312,2026-05-30T18:29:03.000,07:46.00,0x0A01,24,位置,各机器人场地坐标，单位 cm,info_20260530_182903_loop000000.c64,,,,,,,,,,,,908,948,678,729,970,1128,959,1070,737,1290,327,976,,,,,,,,,,,,,,,,,,,,,,,,,
313,2026-05-30T18:29:03.000,07:46.00,0x0A02,25,血量,各机器人剩余血量,info_20260530_182903_loop000000.c64,325,25,0,339,0,,400,,,,,,,,,,,,,,,,,,,,,,,,,,,,,,,,,,,,,,,,,
314,2026-05-30T18:29:03.000,07:46.00,0x0A03,26,发弹量,各机器人/单位剩余发弹量,info_20260530_182903_loop000000.c64,29,,20,61,,702,246,,,,,,,,,,,,,,,,,,,,,,,,,,,,,,,,,,,,,,,,,
315,2026-05-30T18:29:03.000,07:46.00,0x0A04,27,经济/占领,经济与占领状态,info_20260530_182903_loop000000.c64,,,,,,,,513,2425,0,,,,,,,,,,,,,,,,,,,,,,,,,,,,,,,,,,,,,,
316,2026-05-30T18:29:03.000,07:46.00,0x0A05,28,Buff/哨兵姿态,增益、冷却、哨兵姿态等状态,info_20260530_182903_loop000000.c64,,,,,,,,,,,3,,,,,,,,,,,,,0,0,25,20,0,0,0,25,0,0,0,0,25,0,0,0,0,25,0,0,0,0,25,25,0
317,2026-05-30T18:29:03.000,07:46.00,0x0A01,31,位置,各机器人场地坐标，单位 cm,info_20260530_182903_loop000000.c64,,,,,,,,,,,,908,948,680,731,972,1129,963,1083,737,1290,327,976,,,,,,,,,,,,,,,,,,,,,,,,,
318,2026-05-30T18:29:03.000,07:46.00,0x0A02,32,血量,各机器人剩余血量,info_20260530_182903_loop000000.c64,325,25,0,339,0,,400,,,,,,,,,,,,,,,,,,,,,,,,,,,,,,,,,,,,,,,,,
319,2026-05-30T18:29:03.000,07:46.00,0x0A03,33,发弹量,各机器人/单位剩余发弹量,info_20260530_182903_loop000000.c64,29,,20,61,,702,246,,,,,,,,,,,,,,,,,,,,,,,,,,,,,,,,,,,,,,,,,
320,2026-05-30T18:29:03.000,07:46.00,0x0A04,34,经济/占领,经济与占领状态,info_20260530_182903_loop000000.c64,,,,,,,,513,2425,0,,,,,,,,,,,,,,,,,,,,,,,,,,,,,,,,,,,,,,
321,2026-05-30T18:29:03.000,07:46.00,0x0A05,35,Buff/哨兵姿态,增益、冷却、哨兵姿态等状态,info_20260530_182903_loop000000.c64,,,,,,,,,,,3,,,,,,,,,,,,,0,0,25,20,0,0,0,25,0,0,0,0,25,0,0,0,0,25,0,0,0,0,25,25,0
322,2026-05-30T18:29:03.000,07:46.00,0x0A03,247,发弹量,各机器人/单位剩余发弹量,info_20260530_182903_loop000000.c64,29,,20,62,,702,246,,,,,,,,,,,,,,,,,,,,,,,,,,,,,,,,,,,,,,,,,
323,2026-05-30T18:29:03.000,07:46.00,0x0A04,248,经济/占领,经济与占领状态,info_20260530_182903_loop000000.c64,,,,,,,,463,2375,0,,,,,,,,,,,,,,,,,,,,,,,,,,,,,,,,,,,,,,
324,2026-05-30T18:29:03.000,07:46.00,0x0A05,249,Buff/哨兵姿态,增益、冷却、哨兵姿态等状态,info_20260530_182903_loop000000.c64,,,,,,,,,,,3,,,,,,,,,,,,,0,0,25,20,0,0,0,25,0,0,0,0,25,0,0,0,0,25,15,0,0,0,25,25,0
325,2026-05-30T18:29:03.000,07:46.00,0x0A01,252,位置,各机器人场地坐标，单位 cm,info_20260530_182903_loop000000.c64,,,,,,,,,,,,909,950,680,730,971,1132,965,1041,737,1290,323,983,,,,,,,,,,,,,,,,,,,,,,,,,
326,2026-05-30T18:29:03.000,07:46.00,0x0A03,254,发弹量,各机器人/单位剩余发弹量,info_20260530_182903_loop000000.c64,29,,20,61,,702,246,,,,,,,,,,,,,,,,,,,,,,,,,,,,,,,,,,,,,,,,,
327,2026-05-30T18:29:03.000,07:46.00,0x0A04,255,经济/占领,经济与占领状态,info_20260530_182903_loop000000.c64,,,,,,,,513,2425,0,,,,,,,,,,,,,,,,,,,,,,,,,,,,,,,,,,,,,,
328,2026-05-30T18:29:21.000,08:04.00,0x0A04,0,经济/占领,经济与占领状态,info_20260530_182921_loop000000.c64,,,,,,,,173,2725,0,,,,,,,,,,,,,,,,,,,,,,,,,,,,,,,,,,,,,,
329,2026-05-30T18:29:21.000,08:04.00,0x0A01,4,位置,各机器人场地坐标，单位 cm,info_20260530_182921_loop000000.c64,,,,,,,,,,,,855,843,681,728,971,1131,871,541,737,1290,380,1001,,,,,,,,,,,,,,,,,,,,,,,,,
330,2026-05-30T18:29:21.000,08:04.00,0x0A04,228,经济/占领,经济与占领状态,info_20260530_182921_loop000000.c64,,,,,,,,173,2725,0,,,,,,,,,,,,,,,,,,,,,,,,,,,,,,,,,,,,,,
331,2026-05-30T18:29:21.000,08:04.00,0x0A01,232,位置,各机器人场地坐标，单位 cm,info_20260530_182921_loop000000.c64,,,,,,,,,,,,853,843,680,728,971,1132,830,613,737,1290,381,989,,,,,,,,,,,,,,,,,,,,,,,,,
332,2026-05-30T18:29:21.000,08:04.00,0x0A02,233,血量,各机器人剩余血量,info_20260530_182921_loop000000.c64,78,25,275,339,0,,400,,,,,,,,,,,,,,,,,,,,,,,,,,,,,,,,,,,,,,,,,
333,2026-05-30T18:29:21.000,08:04.00,0x0A03,234,发弹量,各机器人/单位剩余发弹量,info_20260530_182921_loop000000.c64,26,,20,33,,702,246,,,,,,,,,,,,,,,,,,,,,,,,,,,,,,,,,,,,,,,,,
334,2026-05-30T18:29:21.000,08:04.00,0x0A04,235,经济/占领,经济与占领状态,info_20260530_182921_loop000000.c64,,,,,,,,173,2725,0,,,,,,,,,,,,,,,,,,,,,,,,,,,,,,,,,,,,,,
335,2026-05-30T18:29:21.000,08:04.00,0x0A05,236,Buff/哨兵姿态,增益、冷却、哨兵姿态等状态,info_20260530_182921_loop000000.c64,,,,,,,,,,,3,,,,,,,,,,,,,0,0,25,20,0,0,0,25,20,0,0,0,100,0,0,0,0,25,20,0,0,0,25,25,0
336,2026-05-30T18:29:21.000,08:04.00,0x0A01,239,位置,各机器人场地坐标，单位 cm,info_20260530_182921_loop000000.c64,,,,,,,,,,,,853,843,681,728,970,1133,838,595,737,1290,381,995,,,,,,,,,,,,,,,,,,,,,,,,,
337,2026-05-30T18:29:21.000,08:04.00,0x0A02,240,血量,各机器人剩余血量,info_20260530_182921_loop000000.c64,78,25,275,339,0,,400,,,,,,,,,,,,,,,,,,,,,,,,,,,,,,,,,,,,,,,,,
338,2026-05-30T18:29:21.000,08:04.00,0x0A03,241,发弹量,各机器人/单位剩余发弹量,info_20260530_182921_loop000000.c64,26,,20,33,,702,246,,,,,,,,,,,,,,,,,,,,,,,,,,,,,,,,,,,,,,,,,
339,2026-05-30T18:29:21.000,08:04.00,0x0A04,242,经济/占领,经济与占领状态,info_20260530_182921_loop000000.c64,,,,,,,,173,2725,0,,,,,,,,,,,,,,,,,,,,,,,,,,,,,,,,,,,,,,
340,2026-05-30T18:29:21.000,08:04.00,0x0A05,243,Buff/哨兵姿态,增益、冷却、哨兵姿态等状态,info_20260530_182921_loop000000.c64,,,,,,,,,,,3,,,,,,,,,,,,,0,0,25,20,0,0,0,25,20,0,0,0,100,0,0,0,0,25,20,0,0,0,25,25,0
341,2026-05-30T18:29:21.000,08:04.00,0x0A01,246,位置,各机器人场地坐标，单位 cm,info_20260530_182921_loop000000.c64,,,,,,,,,,,,855,842,680,729,970,1130,848,579,737,1290,381,997,,,,,,,,,,,,,,,,,,,,,,,,,
342,2026-05-30T18:29:21.000,08:04.00,0x0A02,247,血量,各机器人剩余血量,info_20260530_182921_loop000000.c64,78,25,275,339,0,,400,,,,,,,,,,,,,,,,,,,,,,,,,,,,,,,,,,,,,,,,,
343,2026-05-30T18:29:21.000,08:04.00,0x0A03,248,发弹量,各机器人/单位剩余发弹量,info_20260530_182921_loop000000.c64,26,,20,33,,702,246,,,,,,,,,,,,,,,,,,,,,,,,,,,,,,,,,,,,,,,,,
344,2026-05-30T18:29:21.000,08:04.00,0x0A04,249,经济/占领,经济与占领状态,info_20260530_182921_loop000000.c64,,,,,,,,173,2725,0,,,,,,,,,,,,,,,,,,,,,,,,,,,,,,,,,,,,,,
345,2026-05-30T18:29:21.000,08:04.00,0x0A05,250,Buff/哨兵姿态,增益、冷却、哨兵姿态等状态,info_20260530_182921_loop000000.c64,,,,,,,,,,,3,,,,,,,,,,,,,0,0,25,20,0,0,0,25,20,0,0,0,100,0,0,0,0,25,20,0,0,0,25,25,0
346,2026-05-30T18:29:21.000,08:04.00,0x0A01,253,位置,各机器人场地坐标，单位 cm,info_20260530_182921_loop000000.c64,,,,,,,,,,,,855,842,680,728,971,1131,861,559,737,1290,381,1001,,,,,,,,,,,,,,,,,,,,,,,,,
347,2026-05-30T18:29:21.000,08:04.00,0x0A02,254,血量,各机器人剩余血量,info_20260530_182921_loop000000.c64,78,25,275,339,0,,400,,,,,,,,,,,,,,,,,,,,,,,,,,,,,,,,,,,,,,,,,
348,2026-05-30T18:29:21.000,08:04.00,0x0A03,255,发弹量,各机器人/单位剩余发弹量,info_20260530_182921_loop000000.c64,26,,20,33,,702,246,,,,,,,,,,,,,,,,,,,,,,,,,,,,,,,,,,,,,,,,,
349,2026-05-30T18:29:39.000,08:22.00,0x0A02,185,血量,各机器人剩余血量,info_20260530_182939_loop000000.c64,0,25,275,339,0,,400,,,,,,,,,,,,,,,,,,,,,,,,,,,,,,,,,,,,,,,,,
350,2026-05-30T18:29:39.000,08:22.00,0x0A03,186,发弹量,各机器人/单位剩余发弹量,info_20260530_182939_loop000000.c64,26,,7,65532,,702,215,,,,,,,,,,,,,,,,,,,,,,,,,,,,,,,,,,,,,,,,,
351,2026-05-30T18:29:39.000,08:22.00,0x0A04,187,经济/占领,经济与占领状态,info_20260530_182939_loop000000.c64,,,,,,,,323,2875,0,,,,,,,,,,,,,,,,,,,,,,,,,,,,,,,,,,,,,,
352,2026-05-30T18:29:39.000,08:22.00,0x0A05,188,Buff/哨兵姿态,增益、冷却、哨兵姿态等状态,info_20260530_182939_loop000000.c64,,,,,,,,,,,3,,,,,,,,,,,,,0,0,25,0,0,0,0,25,20,0,0,0,25,0,0,0,0,25,0,0,0,0,25,25,0
353,2026-05-30T18:29:57.000,08:40.00,0x0A05,154,Buff/哨兵姿态,增益、冷却、哨兵姿态等状态,info_20260530_182957_loop000000.c64,,,,,,,,,,,3,,,,,,,,,,,,,0,0,25,0,0,0,0,25,15,0,0,0,25,20,0,0,0,25,0,0,0,0,25,25,0
354,2026-05-30T18:29:57.000,08:40.00,0x0A01,157,位置,各机器人场地坐标，单位 cm,info_20260530_182957_loop000000.c64,,,,,,,,,,,,873,862,531,657,915,1017,479,521,737,1290,369,1023,,,,,,,,,,,,,,,,,,,,,,,,,
355,2026-05-30T18:29:57.000,08:40.00,0x0A02,158,血量,各机器人剩余血量,info_20260530_182957_loop000000.c64,0,4,298,400,0,,400,,,,,,,,,,,,,,,,,,,,,,,,,,,,,,,,,,,,,,,,,
356,2026-05-30T18:29:57.000,08:40.00,0x0A03,159,发弹量,各机器人/单位剩余发弹量,info_20260530_182957_loop000000.c64,26,,65532,175,,702,190,,,,,,,,,,,,,,,,,,,,,,,,,,,,,,,,,,,,,,,,,
357,2026-05-30T18:29:57.000,08:40.00,0x0A04,160,经济/占领,经济与占领状态,info_20260530_182957_loop000000.c64,,,,,,,,323,3075,0,,,,,,,,,,,,,,,,,,,,,,,,,,,,,,,,,,,,,,
358,2026-05-30T18:29:57.000,08:40.00,0x0A05,161,Buff/哨兵姿态,增益、冷却、哨兵姿态等状态,info_20260530_182957_loop000000.c64,,,,,,,,,,,3,,,,,,,,,,,,,0,0,25,0,0,0,0,25,15,0,0,0,25,20,0,0,0,25,0,0,0,0,25,25,0
359,2026-05-30T18:29:57.000,08:40.00,0x0A01,164,位置,各机器人场地坐标，单位 cm,info_20260530_182957_loop000000.c64,,,,,,,,,,,,873,864,532,655,913,1013,479,520,737,1290,367,1025,,,,,,,,,,,,,,,,,,,,,,,,,
360,2026-05-30T18:29:57.000,08:40.00,0x0A02,165,血量,各机器人剩余血量,info_20260530_182957_loop000000.c64,0,4,298,400,0,,400,,,,,,,,,,,,,,,,,,,,,,,,,,,,,,,,,,,,,,,,,
361,2026-05-30T18:29:57.000,08:40.00,0x0A03,166,发弹量,各机器人/单位剩余发弹量,info_20260530_182957_loop000000.c64,26,,65532,175,,702,190,,,,,,,,,,,,,,,,,,,,,,,,,,,,,,,,,,,,,,,,,
362,2026-05-30T18:29:57.000,08:40.00,0x0A04,167,经济/占领,经济与占领状态,info_20260530_182957_loop000000.c64,,,,,,,,323,3075,0,,,,,,,,,,,,,,,,,,,,,,,,,,,,,,,,,,,,,,
363,2026-05-30T18:29:57.000,08:40.00,0x0A01,171,位置,各机器人场地坐标，单位 cm,info_20260530_182957_loop000000.c64,,,,,,,,,,,,873,861,532,650,913,1007,478,520,737,1290,366,1023,,,,,,,,,,,,,,,,,,,,,,,,,
364,2026-05-30T18:29:57.000,08:40.00,0x0A02,172,血量,各机器人剩余血量,info_20260530_182957_loop000000.c64,0,4,298,400,0,,400,,,,,,,,,,,,,,,,,,,,,,,,,,,,,,,,,,,,,,,,,
365,2026-05-30T18:29:57.000,08:40.00,0x0A03,173,发弹量,各机器人/单位剩余发弹量,info_20260530_182957_loop000000.c64,26,,65532,174,,702,190,,,,,,,,,,,,,,,,,,,,,,,,,,,,,,,,,,,,,,,,,
366,2026-05-30T18:29:57.000,08:40.00,0x0A04,174,经济/占领,经济与占领状态,info_20260530_182957_loop000000.c64,,,,,,,,323,3075,0,,,,,,,,,,,,,,,,,,,,,,,,,,,,,,,,,,,,,,
367,2026-05-30T18:29:57.000,08:40.00,0x0A05,175,Buff/哨兵姿态,增益、冷却、哨兵姿态等状态,info_20260530_182957_loop000000.c64,,,,,,,,,,,3,,,,,,,,,,,,,0,0,25,0,0,0,0,25,0,0,0,0,25,20,0,0,0,25,0,0,0,0,25,25,0
368,2026-05-30T18:29:57.000,08:40.00,0x0A01,178,位置,各机器人场地坐标，单位 cm,info_20260530_182957_loop000000.c64,,,,,,,,,,,,873,860,534,647,910,1002,477,522,737,1290,371,1022,,,,,,,,,,,,,,,,,,,,,,,,,
369,2026-05-30T18:29:57.000,08:40.00,0x0A04,181,经济/占领,经济与占领状态,info_20260530_182957_loop000000.c64,,,,,,,,323,3075,0,,,,,,,,,,,,,,,,,,,,,,,,,,,,,,,,,,,,,,
370,2026-05-30T18:29:57.000,08:40.00,0x0A05,182,Buff/哨兵姿态,增益、冷却、哨兵姿态等状态,info_20260530_182957_loop000000.c64,,,,,,,,,,,3,,,,,,,,,,,,,0,0,25,0,0,0,0,25,0,0,0,0,25,20,0,0,0,25,0,0,0,0,25,25,0
371,2026-05-30T18:29:57.000,08:40.00,0x0A01,185,位置,各机器人场地坐标，单位 cm,info_20260530_182957_loop000000.c64,,,,,,,,,,,,873,863,535,645,907,1001,478,521,737,1290,369,1025,,,,,,,,,,,,,,,,,,,,,,,,,
372,2026-05-30T18:29:57.000,08:40.00,0x0A02,186,血量,各机器人剩余血量,info_20260530_182957_loop000000.c64,0,4,298,400,0,,400,,,,,,,,,,,,,,,,,,,,,,,,,,,,,,,,,,,,,,,,,
373,2026-05-30T18:29:57.000,08:40.00,0x0A03,187,发弹量,各机器人/单位剩余发弹量,info_20260530_182957_loop000000.c64,26,,65532,172,,702,190,,,,,,,,,,,,,,,,,,,,,,,,,,,,,,,,,,,,,,,,,
374,2026-05-30T18:29:57.000,08:40.00,0x0A04,188,经济/占领,经济与占领状态,info_20260530_182957_loop000000.c64,,,,,,,,323,3075,0,,,,,,,,,,,,,,,,,,,,,,,,,,,,,,,,,,,,,,
375,2026-05-30T18:29:57.000,08:40.00,0x0A05,189,Buff/哨兵姿态,增益、冷却、哨兵姿态等状态,info_20260530_182957_loop000000.c64,,,,,,,,,,,3,,,,,,,,,,,,,0,0,25,0,0,0,0,25,0,0,0,0,25,20,0,0,0,25,0,0,0,0,25,25,0
376,2026-05-30T18:29:57.000,08:40.00,0x0A01,192,位置,各机器人场地坐标，单位 cm,info_20260530_182957_loop000000.c64,,,,,,,,,,,,873,861,535,642,906,1003,479,523,737,1290,368,1021,,,,,,,,,,,,,,,,,,,,,,,,,
377,2026-05-30T18:29:57.000,08:40.00,0x0A02,193,血量,各机器人剩余血量,info_20260530_182957_loop000000.c64,0,4,298,400,0,,400,,,,,,,,,,,,,,,,,,,,,,,,,,,,,,,,,,,,,,,,,
378,2026-05-30T18:29:57.000,08:40.00,0x0A03,194,发弹量,各机器人/单位剩余发弹量,info_20260530_182957_loop000000.c64,26,,65532,171,,702,190,,,,,,,,,,,,,,,,,,,,,,,,,,,,,,,,,,,,,,,,,
379,2026-05-30T18:29:57.000,08:40.00,0x0A04,195,经济/占领,经济与占领状态,info_20260530_182957_loop000000.c64,,,,,,,,323,3075,0,,,,,,,,,,,,,,,,,,,,,,,,,,,,,,,,,,,,,,
380,2026-05-30T18:29:57.000,08:40.00,0x0A05,196,Buff/哨兵姿态,增益、冷却、哨兵姿态等状态,info_20260530_182957_loop000000.c64,,,,,,,,,,,3,,,,,,,,,,,,,0,0,25,0,0,0,0,25,0,0,0,0,25,20,0,0,0,25,15,0,0,0,25,25,0
381,2026-05-30T18:30:15.000,08:58.00,0x0A04,119,经济/占领,经济与占领状态,info_20260530_183015_loop000000.c64,,,,,,,,423,3175,0,,,,,,,,,,,,,,,,,,,,,,,,,,,,,,,,,,,,,,
382,2026-05-30T18:30:15.000,08:58.00,0x0A05,120,Buff/哨兵姿态,增益、冷却、哨兵姿态等状态,info_20260530_183015_loop000000.c64,,,,,,,,,,,3,,,,,,,,,,,,,0,0,0,0,0,0,0,0,0,0,0,0,0,0,0,0,0,0,0,0,0,0,0,0,0
383,2026-05-30T18:30:15.000,08:58.00,0x0A01,123,位置,各机器人场地坐标，单位 cm,info_20260530_183015_loop000000.c64,,,,,,,,,,,,873,863,645,776,574,931,587,477,0,0,349,1021,,,,,,,,,,,,,,,,,,,,,,,,,
384,2026-05-30T18:30:15.000,08:58.00,0x0A02,124,血量,各机器人剩余血量,info_20260530_183015_loop000000.c64,0,4,317,400,0,,400,,,,,,,,,,,,,,,,,,,,,,,,,,,,,,,,,,,,,,,,,
385,2026-05-30T18:30:15.000,08:58.00,0x0A03,125,发弹量,各机器人/单位剩余发弹量,info_20260530_183015_loop000000.c64,26,,65530,143,,0,182,,,,,,,,,,,,,,,,,,,,,,,,,,,,,,,,,,,,,,,,,
386,2026-05-30T18:30:15.000,08:58.00,0x0A04,126,经济/占领,经济与占领状态,info_20260530_183015_loop000000.c64,,,,,,,,423,3175,0,,,,,,,,,,,,,,,,,,,,,,,,,,,,,,,,,,,,,,
387,2026-05-30T18:30:15.000,08:58.00,0x0A05,127,Buff/哨兵姿态,增益、冷却、哨兵姿态等状态,info_20260530_183015_loop000000.c64,,,,,,,,,,,3,,,,,,,,,,,,,0,0,0,0,0,0,0,0,0,0,0,0,0,0,0,0,0,0,0,0,0,0,0,0,0
388,2026-05-30T18:30:15.000,08:58.00,0x0A01,130,位置,各机器人场地坐标，单位 cm,info_20260530_183015_loop000000.c64,,,,,,,,,,,,874,865,646,776,573,933,587,476,0,0,344,1021,,,,,,,,,,,,,,,,,,,,,,,,,
389,2026-05-30T18:30:15.000,08:58.00,0x0A02,131,血量,各机器人剩余血量,info_20260530_183015_loop000000.c64,0,4,317,400,0,,400,,,,,,,,,,,,,,,,,,,,,,,,,,,,,,,,,,,,,,,,,
390,2026-05-30T18:30:15.000,08:58.00,0x0A03,132,发弹量,各机器人/单位剩余发弹量,info_20260530_183015_loop000000.c64,26,,65530,143,,0,182,,,,,,,,,,,,,,,,,,,,,,,,,,,,,,,,,,,,,,,,,
391,2026-05-30T18:30:15.000,08:58.00,0x0A04,133,经济/占领,经济与占领状态,info_20260530_183015_loop000000.c64,,,,,,,,423,3175,0,,,,,,,,,,,,,,,,,,,,,,,,,,,,,,,,,,,,,,
392,2026-05-30T18:30:15.000,08:58.00,0x0A05,134,Buff/哨兵姿态,增益、冷却、哨兵姿态等状态,info_20260530_183015_loop000000.c64,,,,,,,,,,,3,,,,,,,,,,,,,0,0,0,0,0,0,0,0,0,0,0,0,0,0,0,0,0,0,0,0,0,0,0,0,0
393,2026-05-30T18:30:15.000,08:58.00,0x0A01,137,位置,各机器人场地坐标，单位 cm,info_20260530_183015_loop000000.c64,,,,,,,,,,,,874,865,645,777,573,934,589,480,0,0,344,1019,,,,,,,,,,,,,,,,,,,,,,,,,
394,2026-05-30T18:30:15.000,08:58.00,0x0A02,138,血量,各机器人剩余血量,info_20260530_183015_loop000000.c64,0,4,317,400,0,,400,,,,,,,,,,,,,,,,,,,,,,,,,,,,,,,,,,,,,,,,,
395,2026-05-30T18:30:15.000,08:58.00,0x0A03,139,发弹量,各机器人/单位剩余发弹量,info_20260530_183015_loop000000.c64,26,,65530,143,,0,182,,,,,,,,,,,,,,,,,,,,,,,,,,,,,,,,,,,,,,,,,
396,2026-05-30T18:30:15.000,08:58.00,0x0A04,140,经济/占领,经济与占领状态,info_20260530_183015_loop000000.c64,,,,,,,,423,3175,0,,,,,,,,,,,,,,,,,,,,,,,,,,,,,,,,,,,,,,
397,2026-05-30T18:30:15.000,08:58.00,0x0A05,141,Buff/哨兵姿态,增益、冷却、哨兵姿态等状态,info_20260530_183015_loop000000.c64,,,,,,,,,,,3,,,,,,,,,,,,,0,0,0,0,0,0,0,0,0,0,0,0,0,0,0,0,0,0,0,0,0,0,0,0,0
398,2026-05-30T18:30:15.000,08:58.00,0x0A01,144,位置,各机器人场地坐标，单位 cm,info_20260530_183015_loop000000.c64,,,,,,,,,,,,872,866,645,778,572,935,588,479,0,0,341,1013,,,,,,,,,,,,,,,,,,,,,,,,,
399,2026-05-30T18:30:15.000,08:58.00,0x0A02,145,血量,各机器人剩余血量,info_20260530_183015_loop000000.c64,0,4,317,400,0,,400,,,,,,,,,,,,,,,,,,,,,,,,,,,,,,,,,,,,,,,,,
400,2026-05-30T18:30:15.000,08:58.00,0x0A03,146,发弹量,各机器人/单位剩余发弹量,info_20260530_183015_loop000000.c64,26,,65530,143,,0,182,,,,,,,,,,,,,,,,,,,,,,,,,,,,,,,,,,,,,,,,,
401,2026-05-30T18:30:15.000,08:58.00,0x0A04,147,经济/占领,经济与占领状态,info_20260530_183015_loop000000.c64,,,,,,,,423,3175,0,,,,,,,,,,,,,,,,,,,,,,,,,,,,,,,,,,,,,,
402,2026-05-30T18:30:15.000,08:58.00,0x0A05,148,Buff/哨兵姿态,增益、冷却、哨兵姿态等状态,info_20260530_183015_loop000000.c64,,,,,,,,,,,3,,,,,,,,,,,,,0,0,0,0,0,0,0,0,0,0,0,0,0,0,0,0,0,0,0,0,0,0,0,0,0
403,2026-05-30T18:30:15.000,08:58.00,0x0A01,151,位置,各机器人场地坐标，单位 cm,info_20260530_183015_loop000000.c64,,,,,,,,,,,,872,865,645,777,571,937,589,478,0,0,336,1014,,,,,,,,,,,,,,,,,,,,,,,,,
404,2026-05-30T18:30:15.000,08:58.00,0x0A02,152,血量,各机器人剩余血量,info_20260530_183015_loop000000.c64,0,4,317,400,0,,400,,,,,,,,,,,,,,,,,,,,,,,,,,,,,,,,,,,,,,,,,
405,2026-05-30T18:30:15.000,08:58.00,0x0A03,153,发弹量,各机器人/单位剩余发弹量,info_20260530_183015_loop000000.c64,26,,65530,143,,0,182,,,,,,,,,,,,,,,,,,,,,,,,,,,,,,,,,,,,,,,,,
406,2026-05-30T18:30:15.000,08:58.00,0x0A04,154,经济/占领,经济与占领状态,info_20260530_183015_loop000000.c64,,,,,,,,423,3175,0,,,,,,,,,,,,,,,,,,,,,,,,,,,,,,,,,,,,,,
407,2026-05-30T18:30:15.000,08:58.00,0x0A01,158,位置,各机器人场地坐标，单位 cm,info_20260530_183015_loop000000.c64,,,,,,,,,,,,873,864,646,778,573,936,587,475,0,0,338,1010,,,,,,,,,,,,,,,,,,,,,,,,,
408,2026-05-30T18:30:15.000,08:58.00,0x0A02,159,血量,各机器人剩余血量,info_20260530_183015_loop000000.c64,0,4,317,400,0,,400,,,,,,,,,,,,,,,,,,,,,,,,,,,,,,,,,,,,,,,,,
409,2026-05-30T18:30:15.000,08:58.00,0x0A03,160,发弹量,各机器人/单位剩余发弹量,info_20260530_183015_loop000000.c64,26,,65530,143,,0,182,,,,,,,,,,,,,,,,,,,,,,,,,,,,,,,,,,,,,,,,,
410,2026-05-30T18:30:15.000,08:58.00,0x0A04,161,经济/占领,经济与占领状态,info_20260530_183015_loop000000.c64,,,,,,,,423,3175,0,,,,,,,,,,,,,,,,,,,,,,,,,,,,,,,,,,,,,,
411,2026-05-30T18:30:15.000,08:58.00,0x0A05,162,Buff/哨兵姿态,增益、冷却、哨兵姿态等状态,info_20260530_183015_loop000000.c64,,,,,,,,,,,3,,,,,,,,,,,,,0,0,0,0,0,0,0,0,0,0,0,0,0,0,0,0,0,0,0,0,0,0,0,0,0
412,2026-05-30T18:30:15.000,08:58.00,0x0A01,165,位置,各机器人场地坐标，单位 cm,info_20260530_183015_loop000000.c64,,,,,,,,,,,,874,865,645,777,573,938,588,478,0,0,339,1006,,,,,,,,,,,,,,,,,,,,,,,,,
413,2026-05-30T18:30:15.000,08:58.00,0x0A02,166,血量,各机器人剩余血量,info_20260530_183015_loop000000.c64,0,4,317,400,0,,400,,,,,,,,,,,,,,,,,,,,,,,,,,,,,,,,,,,,,,,,,
